Most common words,Absolute frequency,Relative frequency
one,751.0,0.009499835555443115
two,313.0,0.003959318946542869
constantinople,293.0,0.003706327320565689
little,260.0,0.003288891137703342
turkish,259.0,0.003276241556404483
like,240.0,0.0030358995117261618
many,237.0,0.0029979507678295847
day,234.0,0.0029600020239330077
great,233.0,0.002947352442634149
may,231.0,0.0029220532800364307
mosque,229.0,0.002896754117438713
sultan,225.0,0.0028461557922432766
also,224.0,0.0028335062109444177
old,223.0,0.002820856629645559
time,223.0,0.002820856629645559
however,220.0,0.002782907885748982
pasha,216.0,0.0027323095605535455
much,194.0,0.0024540187719786473
first,190.0,0.0024034204467832114
made,189.0,0.0023907708654843525
stamboul,177.0,0.0022389758898980444
place,176.0,0.0022263263085991855
water,174.0,0.0022010271460014674
_,173.0,0.0021883775647026085
long,171.0,0.0021630784021048903
illustration,168.0,0.0021251296582083133
another,161.0,0.0020365825891163003
house,160.0,0.002023933007817441
even,156.0,0.001973334682622005
men,155.0,0.0019606851013231463
could,154.0,0.0019480355200242872
palace,153.0,0.001935385938725428
church,153.0,0.001935385938725428
last,151.0,0.0019100867761277101
make,151.0,0.0019100867761277101
city,150.0,0.0018974371948288513
still,147.0,0.0018594884509322742
_et,142.0,0.001796240544437979
less,141.0,0.0017835909631391202
seq,141.0,0.0017835909631391202
way,140.0,0.001770941381840261
new,138.0,0.0017456422192425431
never,138.0,0.0017456422192425431
name,138.0,0.0017456422192425431
part,137.0,0.001732992637943684
turks,134.0,0.001695043894047107
st,134.0,0.001695043894047107
man,134.0,0.001695043894047107
greek,132.0,0.001669744731449389
must,131.0,0.00165709515015053
fountain,129.0,0.001631795987552812
people,128.0,0.001619146406253953
among,128.0,0.001619146406253953
every,125.0,0.0015811976623573759
see,124.0,0.001568548081058517
came,122.0,0.001543248918460799
days,120.0,0.0015179497558630809
white,119.0,0.001505300174564222
ii,115.0,0.001454701849368786
black,113.0,0.001429402686771068
bosphorus,112.0,0.0014167531054722089
built,111.0,0.0014041035241733498
away,110.0,0.001391453942874491
know,109.0,0.0013788043615756318
years,108.0,0.0013661547802767727
three,108.0,0.0013661547802767727
back,107.0,0.0013535051989779139
called,107.0,0.0013535051989779139
seen,106.0,0.0013408556176790548
work,106.0,0.0013408556176790548
might,105.0,0.001328206036380196
iii,102.0,0.0012902572924836189
without,101.0,0.0012776077111847598
golden,100.0,0.0012649581298859007
mehmed,99.0,0.0012523085485870418
street,99.0,0.0012523085485870418
byzantine,98.0,0.0012396589672881827
wall,98.0,0.0012396589672881827
gutenberg,97.0,0.0012270093859893237
life,97.0,0.0012270093859893237
us,97.0,0.0012270093859893237
world,96.0,0.0012143598046904648
small,96.0,0.0012143598046904648
come,95.0,0.0012017102233916057
always,94.0,0.0011890606420927466
houses,93.0,0.0011764110607938878
side,92.0,0.0011637614794950287
project,90.0,0.0011384623168973107
good,90.0,0.0011384623168973107
go,90.0,0.0011384623168973107
certain,90.0,0.0011384623168973107
left,89.0,0.0011258127355984516
whose,88.0,0.0011131631542995928
took,87.0,0.0011005135730007337
garden,87.0,0.0011005135730007337
nothing,86.0,0.0010878639917018746
perhaps,85.0,0.0010752144104030157
coffee,85.0,0.0010752144104030157
walls,85.0,0.0010752144104030157
war,84.0,0.0010625648291041566
imperial,84.0,0.0010625648291041566
marble,84.0,0.0010625648291041566
sea,83.0,0.0010499152478052976
empire,82.0,0.0010372656665064387
enough,81.0,0.0010246160852075796
well,80.0,0.0010119665039087205
high,80.0,0.0010119665039087205
yet,79.0,0.0009993169226098616
ahmed,78.0,0.0009866673413110026
soldiers,78.0,0.0009866673413110026
night,78.0,0.0009866673413110026
take,77.0,0.0009740177600121436
far,77.0,0.0009740177600121436
sometimes,77.0,0.0009740177600121436
pera,77.0,0.0009740177600121436
gold,77.0,0.0009740177600121436
jami,77.0,0.0009740177600121436
galata,77.0,0.0009740177600121436
ül,77.0,0.0009740177600121436
found,76.0,0.0009613681787132846
end,76.0,0.0009613681787132846
though,76.0,0.0009613681787132846
tiles,76.0,0.0009613681787132846
hand,75.0,0.0009487185974144256
fact,74.0,0.0009360690161155665
known,73.0,0.0009234194348167076
open,73.0,0.0009234194348167076
light,73.0,0.0009234194348167076
country,72.0,0.0009107698535178486
fountains,72.0,0.0009107698535178486
used,72.0,0.0009107698535178486
went,71.0,0.0008981202722189895
something,71.0,0.0008981202722189895
blue,70.0,0.0008854706909201305
scutari,70.0,0.0008854706909201305
hundred,70.0,0.0008854706909201305
colour,70.0,0.0008854706909201305
set,70.0,0.0008854706909201305
almost,69.0,0.0008728211096212716
court,69.0,0.0008728211096212716
top,69.0,0.0008728211096212716
horn,69.0,0.0008728211096212716
behind,69.0,0.0008728211096212716
mosques,69.0,0.0008728211096212716
trees,69.0,0.0008728211096212716
half,68.0,0.0008601715283224126
windows,68.0,0.0008601715283224126
different,67.0,0.0008475219470235535
young,67.0,0.0008475219470235535
front,67.0,0.0008475219470235535
red,67.0,0.0008475219470235535
turk,67.0,0.0008475219470235535
number,66.0,0.0008348723657246945
said,66.0,0.0008348723657246945
true,66.0,0.0008348723657246945
others,66.0,0.0008348723657246945
abd,66.0,0.0008348723657246945
say,65.0,0.0008222227844258355
often,65.0,0.0008222227844258355
_see_,65.0,0.0008222227844258355
lady,64.0,0.0008095732031269765
look,64.0,0.0008095732031269765
interesting,64.0,0.0008095732031269765
things,63.0,0.0007969236218281175
hamid,63.0,0.0007969236218281175
order,63.0,0.0007969236218281175
stone,63.0,0.0007969236218281175
holy,63.0,0.0007969236218281175
point,62.0,0.0007842740405292585
four,62.0,0.0007842740405292585
already,61.0,0.0007716244592303995
give,60.0,0.0007589748779315404
village,60.0,0.0007589748779315404
ever,60.0,0.0007589748779315404
upon,60.0,0.0007589748779315404
green,60.0,0.0007589748779315404
put,59.0,0.0007463252966326815
streets,59.0,0.0007463252966326815
room,59.0,0.0007463252966326815
use,58.0,0.0007336757153338225
rather,58.0,0.0007336757153338225
near,58.0,0.0007336757153338225
prophet,58.0,0.0007336757153338225
greeks,58.0,0.0007336757153338225
whether,58.0,0.0007336757153338225
saw,58.0,0.0007336757153338225
kind,57.0,0.0007210261340349634
de,57.0,0.0007210261340349634
later,57.0,0.0007210261340349634
modern,57.0,0.0007210261340349634
year,57.0,0.0007210261340349634
early,56.0,0.0007083765527361044
means,56.0,0.0007083765527361044
big,55.0,0.0006957269714372455
european,54.0,0.0006830773901383864
century,54.0,0.0006830773901383864
dark,54.0,0.0006830773901383864
magnificent,53.0,0.0006704278088395274
head,53.0,0.0006704278088395274
matter,53.0,0.0006704278088395274
right,53.0,0.0006704278088395274
süleïman,53.0,0.0006704278088395274
began,53.0,0.0006704278088395274
least,52.0,0.0006577782275406684
town,52.0,0.0006577782275406684
1,52.0,0.0006577782275406684
became,52.0,0.0006577782275406684
hands,52.0,0.0006577782275406684
since,51.0,0.0006451286462418094
gardens,51.0,0.0006451286462418094
followed,51.0,0.0006451286462418094
hill,51.0,0.0006451286462418094
throne,51.0,0.0006451286462418094
quite,50.0,0.0006324790649429504
form,50.0,0.0006324790649429504
famous,50.0,0.0006324790649429504
full,50.0,0.0006324790649429504
stood,50.0,0.0006324790649429504
interest,49.0,0.0006198294836440914
public,49.0,0.0006198294836440914
quarter,49.0,0.0006198294836440914
god,49.0,0.0006198294836440914
general,48.0,0.0006071799023452324
grand,48.0,0.0006071799023452324
gate,48.0,0.0006071799023452324
asia,48.0,0.0006071799023452324
looked,48.0,0.0006071799023452324
ground,48.0,0.0006071799023452324
given,48.0,0.0006071799023452324
told,48.0,0.0006071799023452324
son,48.0,0.0006071799023452324
five,47.0,0.0005945303210463733
find,47.0,0.0005945303210463733
sophia,47.0,0.0005945303210463733
strange,47.0,0.0005945303210463733
word,46.0,0.0005818807397475143
tower,46.0,0.0005818807397475143
sacred,46.0,0.0005818807397475143
morning,46.0,0.0005818807397475143
case,46.0,0.0005818807397475143
europe,46.0,0.0005818807397475143
flowers,46.0,0.0005818807397475143
air,46.0,0.0005818807397475143
company,46.0,0.0005818807397475143
churches,46.0,0.0005818807397475143
course,45.0,0.0005692311584486554
view,45.0,0.0005692311584486554
picturesque,45.0,0.0005692311584486554
mahmoud,45.0,0.0005692311584486554
cypresses,45.0,0.0005692311584486554
heard,45.0,0.0005692311584486554
art,44.0,0.0005565815771497964
history,44.0,0.0005565815771497964
seraglio,44.0,0.0005565815771497964
death,44.0,0.0005565815771497964
brought,44.0,0.0005565815771497964
gave,44.0,0.0005565815771497964
greater,44.0,0.0005565815771497964
better,43.0,0.0005439319958509373
west,43.0,0.0005439319958509373
outside,43.0,0.0005439319958509373
done,43.0,0.0005439319958509373
taken,43.0,0.0005439319958509373
around,43.0,0.0005439319958509373
believe,43.0,0.0005439319958509373
thing,43.0,0.0005439319958509373
east,42.0,0.0005312824145520783
haneh,42.0,0.0005312824145520783
women,42.0,0.0005312824145520783
turkey,42.0,0.0005312824145520783
family,42.0,0.0005312824145520783
together,41.0,0.0005186328332532193
works,41.0,0.0005186328332532193
common,41.0,0.0005186328332532193
ramazan,41.0,0.0005186328332532193
tomb,41.0,0.0005186328332532193
indeed,41.0,0.0005186328332532193
rome,41.0,0.0005186328332532193
constantine,41.0,0.0005186328332532193
mother,41.0,0.0005186328332532193
bridge,41.0,0.0005186328332532193
cross,41.0,0.0005186328332532193
period,41.0,0.0005186328332532193
passed,41.0,0.0005186328332532193
conqueror,40.0,0.0005059832519543603
knew,40.0,0.0005059832519543603
merely,40.0,0.0005059832519543603
cut,40.0,0.0005059832519543603
patriarch,40.0,0.0005059832519543603
seems,40.0,0.0005059832519543603
ancient,40.0,0.0005059832519543603
places,40.0,0.0005059832519543603
across,40.0,0.0005059832519543603
honour,40.0,0.0005059832519543603
christian,40.0,0.0005059832519543603
children,40.0,0.0005059832519543603
state,40.0,0.0005059832519543603
e,39.0,0.0004933336706555013
bey,39.0,0.0004933336706555013
large,39.0,0.0004933336706555013
anything,39.0,0.0004933336706555013
spring,39.0,0.0004933336706555013
perfect,38.0,0.0004806840893566423
none,38.0,0.0004806840893566423
cannot,38.0,0.0004806840893566423
space,38.0,0.0004806840893566423
mohammedan,38.0,0.0004806840893566423
persian,38.0,0.0004806840893566423
whole,38.0,0.0004806840893566423
beside,38.0,0.0004806840893566423
sultans,38.0,0.0004806840893566423
line,38.0,0.0004806840893566423
characteristic,38.0,0.0004806840893566423
ceremony,38.0,0.0004806840893566423
within,38.0,0.0004806840893566423
going,38.0,0.0004806840893566423
ladies,38.0,0.0004806840893566423
turned,37.0,0.0004680345080577833
present,37.0,0.0004680345080577833
toward,37.0,0.0004680345080577833
either,37.0,0.0004680345080577833
ali,37.0,0.0004680345080577833
wooden,37.0,0.0004680345080577833
making,37.0,0.0004680345080577833
times,37.0,0.0004680345080577833
italian,37.0,0.0004680345080577833
supposed,37.0,0.0004680345080577833
except,37.0,0.0004680345080577833
door,37.0,0.0004680345080577833
islam,37.0,0.0004680345080577833
happened,36.0,0.0004553849267589243
venice,36.0,0.0004553849267589243
embassy,36.0,0.0004553849267589243
wood,36.0,0.0004553849267589243
lived,36.0,0.0004553849267589243
effect,36.0,0.0004553849267589243
western,36.0,0.0004553849267589243
lost,36.0,0.0004553849267589243
person,36.0,0.0004553849267589243
selim,36.0,0.0004553849267589243
english,35.0,0.00044273534546006527
shall,35.0,0.00044273534546006527
reason,35.0,0.00044273534546006527
yeni,35.0,0.00044273534546006527
interior,35.0,0.00044273534546006527
market,35.0,0.00044273534546006527
sort,35.0,0.00044273534546006527
keep,35.0,0.00044273534546006527
get,35.0,0.00044273534546006527
gone,35.0,0.00044273534546006527
doubt,35.0,0.00044273534546006527
emperor,35.0,0.00044273534546006527
neither,34.0,0.0004300857641612063
second,34.0,0.0004300857641612063
call,34.0,0.0004300857641612063
yard,34.0,0.0004300857641612063
eyes,34.0,0.0004300857641612063
marmora,34.0,0.0004300857641612063
important,34.0,0.0004300857641612063
tall,34.0,0.0004300857641612063
thousand,34.0,0.0004300857641612063
takes,34.0,0.0004300857641612063
heads,34.0,0.0004300857641612063
religious,34.0,0.0004300857641612063
asked,34.0,0.0004300857641612063
music,34.0,0.0004300857641612063
nevertheless,33.0,0.00041743618286234726
chapter,33.0,0.00041743618286234726
eye,33.0,0.00041743618286234726
kyöi,33.0,0.00041743618286234726
sun,33.0,0.00041743618286234726
latter,33.0,0.00041743618286234726
sure,33.0,0.00041743618286234726
celebrated,33.0,0.00041743618286234726
real,33.0,0.00041743618286234726
carried,33.0,0.00041743618286234726
mourad,33.0,0.00041743618286234726
french,32.0,0.00040478660156348823
hüsseïn,32.0,0.00040478660156348823
iv,32.0,0.00040478660156348823
building,32.0,0.00040478660156348823
law,32.0,0.00040478660156348823
lies,32.0,0.00040478660156348823
shore,32.0,0.00040478660156348823
simple,32.0,0.00040478660156348823
suppose,32.0,0.00040478660156348823
think,32.0,0.00040478660156348823
armenian,32.0,0.00040478660156348823
kept,32.0,0.00040478660156348823
procession,32.0,0.00040478660156348823
san,32.0,0.00040478660156348823
rest,31.0,0.00039213702026462925
possible,31.0,0.00039213702026462925
save,31.0,0.00039213702026462925
names,31.0,0.00039213702026462925
decorative,31.0,0.00039213702026462925
upper,31.0,0.00039213702026462925
castle,31.0,0.00039213702026462925
opposite,31.0,0.00039213702026462925
best,31.0,0.00039213702026462925
twenty,31.0,0.00039213702026462925
sent,31.0,0.00039213702026462925
read,30.0,0.0003794874389657702
venetian,30.0,0.0003794874389657702
events,30.0,0.0003794874389657702
add,30.0,0.0003794874389657702
effendi,30.0,0.0003794874389657702
rue,30.0,0.0003794874389657702
dead,30.0,0.0003794874389657702
square,30.0,0.0003794874389657702
seem,30.0,0.0003794874389657702
race,30.0,0.0003794874389657702
particular,30.0,0.0003794874389657702
several,30.0,0.0003794874389657702
architecture,30.0,0.0003794874389657702
koran,30.0,0.0003794874389657702
although,30.0,0.0003794874389657702
six,30.0,0.0003794874389657702
vizier,30.0,0.0003794874389657702
remember,30.0,0.0003794874389657702
road,30.0,0.0003794874389657702
next,30.0,0.0003794874389657702
hardly,29.0,0.00036683785766691124
roman,29.0,0.00036683785766691124
occasion,29.0,0.00036683785766691124
gallery,29.0,0.00036683785766691124
remains,29.0,0.00036683785766691124
pointed,29.0,0.00036683785766691124
lines,29.0,0.00036683785766691124
custom,29.0,0.00036683785766691124
till,29.0,0.00036683785766691124
139,29.0,0.00036683785766691124
therefore,28.0,0.0003541882763680522
return,28.0,0.0003541882763680522
foreign,28.0,0.0003541882763680522
letters,28.0,0.0003541882763680522
land,28.0,0.0003541882763680522
genoese,28.0,0.0003541882763680522
broken,28.0,0.0003541882763680522
school,28.0,0.0003541882763680522
foundation,28.0,0.0003541882763680522
beyond,28.0,0.0003541882763680522
corner,28.0,0.0003541882763680522
floor,28.0,0.0003541882763680522
hours,28.0,0.0003541882763680522
boats,28.0,0.0003541882763680522
moment,28.0,0.0003541882763680522
sinan,28.0,0.0003541882763680522
along,28.0,0.0003541882763680522
oriental,28.0,0.0003541882763680522
moustafa,28.0,0.0003541882763680522
farther,28.0,0.0003541882763680522
book,27.0,0.0003415386950691932
accordingly,27.0,0.0003415386950691932
originally,27.0,0.0003415386950691932
regard,27.0,0.0003415386950691932
master,27.0,0.0003415386950691932
v,27.0,0.0003415386950691932
eyoub,27.0,0.0003415386950691932
barracks,27.0,0.0003415386950691932
seemed,27.0,0.0003415386950691932
summer,27.0,0.0003415386950691932
pass,27.0,0.0003415386950691932
unless,27.0,0.0003415386950691932
centre,27.0,0.0003415386950691932
contain,27.0,0.0003415386950691932
glass,27.0,0.0003415386950691932
able,27.0,0.0003415386950691932
asiatic,27.0,0.0003415386950691932
turn,27.0,0.0003415386950691932
larger,27.0,0.0003415386950691932
older,27.0,0.0003415386950691932
colony,27.0,0.0003415386950691932
finally,27.0,0.0003415386950691932
guard,27.0,0.0003415386950691932
wore,27.0,0.0003415386950691932
92,27.0,0.0003415386950691932
electronic,27.0,0.0003415386950691932
written,26.0,0.0003288891137703342
particularly,26.0,0.0003288891137703342
various,26.0,0.0003288891137703342
question,26.0,0.0003288891137703342
really,26.0,0.0003288891137703342
dervishes,26.0,0.0003288891137703342
patriarchate,26.0,0.0003288891137703342
painted,26.0,0.0003288891137703342
ways,26.0,0.0003288891137703342
happy,26.0,0.0003288891137703342
grey,26.0,0.0003288891137703342
sight,26.0,0.0003288891137703342
round,26.0,0.0003288891137703342
coloured,26.0,0.0003288891137703342
tradition,26.0,0.0003288891137703342
sit,26.0,0.0003288891137703342
silver,26.0,0.0003288891137703342
become,26.0,0.0003288891137703342
prayer,26.0,0.0003288891137703342
visible,26.0,0.0003288891137703342
earlier,26.0,0.0003288891137703342
let,26.0,0.0003288891137703342
forty,26.0,0.0003288891137703342
monastery,26.0,0.0003288891137703342
boat,26.0,0.0003288891137703342
american,25.0,0.0003162395324714752
h,25.0,0.0003162395324714752
ago,25.0,0.0003162395324714752
otherwise,25.0,0.0003162395324714752
friends,25.0,0.0003162395324714752
justinian,25.0,0.0003162395324714752
mosaic,25.0,0.0003162395324714752
stands,25.0,0.0003162395324714752
fire,25.0,0.0003162395324714752
tell,25.0,0.0003162395324714752
series,25.0,0.0003162395324714752
grave,25.0,0.0003162395324714752
held,25.0,0.0003162395324714752
scene,25.0,0.0003162395324714752
nearer,25.0,0.0003162395324714752
arch,25.0,0.0003162395324714752
prince,25.0,0.0003162395324714752
paid,25.0,0.0003162395324714752
rose,25.0,0.0003162395324714752
month,25.0,0.0003162395324714752
easter,25.0,0.0003162395324714752
power,25.0,0.0003162395324714752
flags,25.0,0.0003162395324714752
officer,25.0,0.0003162395324714752
live,24.0,0.0003035899511726162
sense,24.0,0.0003035899511726162
late,24.0,0.0003035899511726162
help,24.0,0.0003035899511726162
ottoman,24.0,0.0003035899511726162
kapou,24.0,0.0003035899511726162
1913,24.0,0.0003035899511726162
baïezid,24.0,0.0003035899511726162
valideh,24.0,0.0003035899511726162
_sebil_,24.0,0.0003035899511726162
capital,24.0,0.0003035899511726162
covered,24.0,0.0003035899511726162
minarets,24.0,0.0003035899511726162
piece,24.0,0.0003035899511726162
low,24.0,0.0003035899511726162
favourite,24.0,0.0003035899511726162
ten,24.0,0.0003035899511726162
minor,24.0,0.0003035899511726162
allowed,24.0,0.0003035899511726162
taking,24.0,0.0003035899511726162
lighted,24.0,0.0003035899511726162
edge,24.0,0.0003035899511726162
priests,24.0,0.0003035899511726162
battle,24.0,0.0003035899511726162
army,24.0,0.0003035899511726162
sat,24.0,0.0003035899511726162
george,24.0,0.0003035899511726162
197,24.0,0.0003035899511726162
states,23.0,0.00029094036987375717
date,23.0,0.00029094036987375717
photograph,23.0,0.00029094036987375717
cities,23.0,0.00029094036987375717
face,23.0,0.00029094036987375717
subject,23.0,0.00029094036987375717
pious,23.0,0.00029094036987375717
tree,23.0,0.00029094036987375717
_mihrab_,23.0,0.00029094036987375717
_medresseh_,23.0,0.00029094036987375717
middle,23.0,0.00029094036987375717
seven,23.0,0.00029094036987375717
outer,23.0,0.00029094036987375717
cemetery,23.0,0.00029094036987375717
john,23.0,0.00029094036987375717
beautiful,23.0,0.00029094036987375717
waters,23.0,0.00029094036987375717
dome,23.0,0.00029094036987375717
filled,23.0,0.00029094036987375717
window,23.0,0.00029094036987375717
ornament,23.0,0.00029094036987375717
inscriptions,23.0,0.00029094036987375717
thought,23.0,0.00029094036987375717
bazaar,23.0,0.00029094036987375717
mark,23.0,0.00029094036987375717
row,23.0,0.00029094036987375717
tents,23.0,0.00029094036987375717
stand,23.0,0.00029094036987375717
story,23.0,0.00029094036987375717
buried,23.0,0.00029094036987375717
brother,23.0,0.00029094036987375717
palaces,23.0,0.00029094036987375717
emperors,23.0,0.00029094036987375717
mary,23.0,0.00029094036987375717
ones,23.0,0.00029094036987375717
latin,23.0,0.00029094036987375717
poor,23.0,0.00029094036987375717
met,23.0,0.00029094036987375717
valley,23.0,0.00029094036987375717
140,23.0,0.00029094036987375717
157,23.0,0.00029094036987375717
terms,22.0,0.0002782907885748982
york,22.0,0.0002782907885748982
mr,22.0,0.0002782907885748982
original,22.0,0.0002782907885748982
attention,22.0,0.0002782907885748982
revolution,22.0,0.0002782907885748982
natural,22.0,0.0002782907885748982
need,22.0,0.0002782907885748982
sound,22.0,0.0002782907885748982
fall,22.0,0.0002782907885748982
holidays,22.0,0.0002782907885748982
ibrahim,22.0,0.0002782907885748982
kahrieh,22.0,0.0002782907885748982
quarters,22.0,0.0002782907885748982
parliament,22.0,0.0002782907885748982
hour,22.0,0.0002782907885748982
greatest,22.0,0.0002782907885748982
crowd,22.0,0.0002782907885748982
persians,22.0,0.0002782907885748982
else,22.0,0.0002782907885748982
remain,22.0,0.0002782907885748982
week,22.0,0.0002782907885748982
meantime,22.0,0.0002782907885748982
narrow,22.0,0.0002782907885748982
looking,22.0,0.0002782907885748982
decoration,22.0,0.0002782907885748982
stopped,22.0,0.0002782907885748982
steps,22.0,0.0002782907885748982
byzantium,22.0,0.0002782907885748982
bay,22.0,0.0002782907885748982
members,22.0,0.0002782907885748982
130,22.0,0.0002782907885748982
58,22.0,0.0002782907885748982
parts,21.0,0.00026564120727603916
copyright,21.0,0.00026564120727603916
museum,21.0,0.00026564120727603916
chief,21.0,0.00026564120727603916
tile,21.0,0.00026564120727603916
sokollî,21.0,0.00026564120727603916
dancing,21.0,0.00026564120727603916
macedonian,21.0,0.00026564120727603916
decorated,21.0,0.00026564120727603916
past,21.0,0.00026564120727603916
character,21.0,0.00026564120727603916
arabic,21.0,0.00026564120727603916
third,21.0,0.00026564120727603916
doors,21.0,0.00026564120727603916
harbour,21.0,0.00026564120727603916
camp,21.0,0.00026564120727603916
partly,21.0,0.00026564120727603916
levant,21.0,0.00026564120727603916
nearly,21.0,0.00026564120727603916
central,21.0,0.00026564120727603916
example,21.0,0.00026564120727603916
origin,21.0,0.00026564120727603916
died,21.0,0.00026564120727603916
hyacinth,21.0,0.00026564120727603916
sweet,21.0,0.00026564120727603916
yîldîz,21.0,0.00026564120727603916
majesty,21.0,0.00026564120727603916
march,21.0,0.00026564120727603916
stefano,21.0,0.00026564120727603916
143,21.0,0.00026564120727603916
85,21.0,0.00026564120727603916
close,20.0,0.00025299162597718013
attempt,20.0,0.00025299162597718013
note,20.0,0.00025299162597718013
hissar,20.0,0.00025299162597718013
plane,20.0,0.00025299162597718013
entrance,20.0,0.00025299162597718013
rüstem,20.0,0.00025299162597718013
kiat,20.0,0.00025299162597718013
drawn,20.0,0.00025299162597718013
terrace,20.0,0.00025299162597718013
palæologus,20.0,0.00025299162597718013
thrace,20.0,0.00025299162597718013
mind,20.0,0.00025299162597718013
marked,20.0,0.00025299162597718013
speak,20.0,0.00025299162597718013
goes,20.0,0.00025299162597718013
makes,20.0,0.00025299162597718013
fine,20.0,0.00025299162597718013
stones,20.0,0.00025299162597718013
ship,20.0,0.00025299162597718013
candles,20.0,0.00025299162597718013
arab,20.0,0.00025299162597718013
altogether,20.0,0.00025299162597718013
winter,20.0,0.00025299162597718013
height,20.0,0.00025299162597718013
added,20.0,0.00025299162597718013
paris,20.0,0.00025299162597718013
michael,20.0,0.00025299162597718013
beginning,20.0,0.00025299162597718013
visit,20.0,0.00025299162597718013
marched,20.0,0.00025299162597718013
358,20.0,0.00025299162597718013
field,19.0,0.00024034204467832115
impressionist,19.0,0.00024034204467832115
leave,19.0,0.00024034204467832115
change,19.0,0.00024034204467832115
contains,19.0,0.00024034204467832115
generally,19.0,0.00024034204467832115
learn,19.0,0.00024034204467832115
chiefly,19.0,0.00024034204467832115
hold,19.0,0.00024034204467832115
alone,19.0,0.00024034204467832115
1912,19.0,0.00024034204467832115
detail,19.0,0.00024034204467832115
thirty,19.0,0.00024034204467832115
quaint,19.0,0.00024034204467832115
north,19.0,0.00024034204467832115
afternoon,19.0,0.00024034204467832115
south,19.0,0.00024034204467832115
refugees,19.0,0.00024034204467832115
buildings,19.0,0.00024034204467832115
private,19.0,0.00024034204467832115
station,19.0,0.00024034204467832115
taste,19.0,0.00024034204467832115
group,19.0,0.00024034204467832115
peace,19.0,0.00024034204467832115
renaissance,19.0,0.00024034204467832115
variety,19.0,0.00024034204467832115
hope,19.0,0.00024034204467832115
season,19.0,0.00024034204467832115
according,19.0,0.00024034204467832115
discovered,19.0,0.00024034204467832115
member,19.0,0.00024034204467832115
carrying,19.0,0.00024034204467832115
human,19.0,0.00024034204467832115
laid,19.0,0.00024034204467832115
mecca,19.0,0.00024034204467832115
nights,19.0,0.00024034204467832115
panels,19.0,0.00024034204467832115
legend,19.0,0.00024034204467832115
existed,19.0,0.00024034204467832115
lower,19.0,0.00024034204467832115
_baïram_,19.0,0.00024034204467832115
site,19.0,0.00024034204467832115
ambassador,19.0,0.00024034204467832115
quay,19.0,0.00024034204467832115
suburb,19.0,0.00024034204467832115
led,19.0,0.00024034204467832115
142,19.0,0.00024034204467832115
160,19.0,0.00024034204467832115
206,19.0,0.00024034204467832115
158,19.0,0.00024034204467832115
license,18.0,0.00022769246337946215
words,18.0,0.00022769246337946215
bulgarians,18.0,0.00022769246337946215
ambassadors,18.0,0.00022769246337946215
1909,18.0,0.00022769246337946215
_türbeh_,18.0,0.00022769246337946215
joachim,18.0,0.00022769246337946215
splendour,18.0,0.00022769246337946215
imagine,18.0,0.00022769246337946215
naturally,18.0,0.00022769246337946215
notable,18.0,0.00022769246337946215
presently,18.0,0.00022769246337946215
smaller,18.0,0.00022769246337946215
tiled,18.0,0.00022769246337946215
grille,18.0,0.00022769246337946215
pleasant,18.0,0.00022769246337946215
arms,18.0,0.00022769246337946215
special,18.0,0.00022769246337946215
reign,18.0,0.00022769246337946215
usually,18.0,0.00022769246337946215
albanian,18.0,0.00022769246337946215
run,18.0,0.00022769246337946215
home,18.0,0.00022769246337946215
thousands,18.0,0.00022769246337946215
friday,18.0,0.00022769246337946215
containing,18.0,0.00022769246337946215
account,18.0,0.00022769246337946215
points,18.0,0.00022769246337946215
seraï,18.0,0.00022769246337946215
inclined,18.0,0.00022769246337946215
osman,18.0,0.00022769246337946215
lying,18.0,0.00022769246337946215
bare,18.0,0.00022769246337946215
mosaics,18.0,0.00022769246337946215
follow,18.0,0.00022769246337946215
free,18.0,0.00022769246337946215
officers,18.0,0.00022769246337946215
venetians,18.0,0.00022769246337946215
constitution,18.0,0.00022769246337946215
box,18.0,0.00022769246337946215
office,18.0,0.00022769246337946215
soldier,18.0,0.00022769246337946215
159,18.0,0.00022769246337946215
245,18.0,0.00022769246337946215
128,18.0,0.00022769246337946215
200,18.0,0.00022769246337946215
107,18.0,0.00022769246337946215
152,18.0,0.00022769246337946215
150,18.0,0.00022769246337946215
agreement,18.0,0.00022769246337946215
united,17.0,0.00021504288208060315
soon,17.0,0.00021504288208060315
system,17.0,0.00021504288208060315
mohammed,17.0,0.00021504288208060315
l,17.0,0.00021504288208060315
f,17.0,0.00021504288208060315
foundations,17.0,0.00021504288208060315
fez,17.0,0.00021504288208060315
kyöprülü,17.0,0.00021504288208060315
russian,17.0,0.00021504288208060315
fathers,17.0,0.00021504288208060315
caravan,17.0,0.00021504288208060315
chatalja,17.0,0.00021504288208060315
april,17.0,0.00021504288208060315
sword,17.0,0.00021504288208060315
entered,17.0,0.00021504288208060315
scarcely,17.0,0.00021504288208060315
grew,17.0,0.00021504288208060315
knows,17.0,0.00021504288208060315
architectural,17.0,0.00021504288208060315
tombs,17.0,0.00021504288208060315
christians,17.0,0.00021504288208060315
hall,17.0,0.00021504288208060315
rugs,17.0,0.00021504288208060315
embroidered,17.0,0.00021504288208060315
inner,17.0,0.00021504288208060315
opened,17.0,0.00021504288208060315
vicinity,17.0,0.00021504288208060315
meet,17.0,0.00021504288208060315
tent,17.0,0.00021504288208060315
friend,17.0,0.00021504288208060315
mediæval,17.0,0.00021504288208060315
feet,17.0,0.00021504288208060315
importance,17.0,0.00021504288208060315
play,17.0,0.00021504288208060315
niche,17.0,0.00021504288208060315
charming,17.0,0.00021504288208060315
structure,17.0,0.00021504288208060315
graves,17.0,0.00021504288208060315
handsome,17.0,0.00021504288208060315
government,17.0,0.00021504288208060315
rich,17.0,0.00021504288208060315
horses,17.0,0.00021504288208060315
succeeded,17.0,0.00021504288208060315
salonica,17.0,0.00021504288208060315
fields,17.0,0.00021504288208060315
kassîm,17.0,0.00021504288208060315
eight,17.0,0.00021504288208060315
sunday,17.0,0.00021504288208060315
boys,17.0,0.00021504288208060315
feast,17.0,0.00021504288208060315
173,17.0,0.00021504288208060315
48,17.0,0.00021504288208060315
502,17.0,0.00021504288208060315
132,17.0,0.00021504288208060315
161,17.0,0.00021504288208060315
172,17.0,0.00021504288208060315
171,17.0,0.00021504288208060315
55,17.0,0.00021504288208060315
paper,16.0,0.00020239330078174411
bring,16.0,0.00020239330078174411
gives,16.0,0.00020239330078174411
balkan,16.0,0.00020239330078174411
deal,16.0,0.00020239330078174411
j,16.0,0.00020239330078174411
moon,16.0,0.00020239330078174411
zadeh,16.0,0.00020239330078174411
grande,16.0,0.00020239330078174411
shemsi,16.0,0.00020239330078174411
native,16.0,0.00020239330078174411
hills,16.0,0.00020239330078174411
instance,16.0,0.00020239330078174411
watch,16.0,0.00020239330078174411
belong,16.0,0.00020239330078174411
waited,16.0,0.00020239330078174411
played,16.0,0.00020239330078174411
cypress,16.0,0.00020239330078174411
avenue,16.0,0.00020239330078174411
burned,16.0,0.00020239330078174411
fashion,16.0,0.00020239330078174411
design,16.0,0.00020239330078174411
faces,16.0,0.00020239330078174411
heart,16.0,0.00020239330078174411
headquarters,16.0,0.00020239330078174411
local,16.0,0.00020239330078174411
fruit,16.0,0.00020239330078174411
train,16.0,0.00020239330078174411
carry,16.0,0.00020239330078174411
countries,16.0,0.00020239330078174411
sunset,16.0,0.00020239330078174411
lack,16.0,0.00020239330078174411
dignity,16.0,0.00020239330078174411
princes,16.0,0.00020239330078174411
provided,16.0,0.00020239330078174411
carved,16.0,0.00020239330078174411
arches,16.0,0.00020239330078174411
influence,16.0,0.00020239330078174411
la,16.0,0.00020239330078174411
villages,16.0,0.00020239330078174411
military,16.0,0.00020239330078174411
post,16.0,0.00020239330078174411
mistress,16.0,0.00020239330078174411
gentleman,16.0,0.00020239330078174411
arsenal,16.0,0.00020239330078174411
clear,16.0,0.00020239330078174411
sacrifice,16.0,0.00020239330078174411
ran,16.0,0.00020239330078174411
cannon,16.0,0.00020239330078174411
received,16.0,0.00020239330078174411
got,16.0,0.00020239330078174411
robes,16.0,0.00020239330078174411
3,16.0,0.00020239330078174411
170,16.0,0.00020239330078174411
166,16.0,0.00020239330078174411
259,16.0,0.00020239330078174411
251,16.0,0.00020239330078174411
182,16.0,0.00020239330078174411
255,16.0,0.00020239330078174411
258,16.0,0.00020239330078174411
8,15.0,0.0001897437194828851
language,15.0,0.0001897437194828851
felt,15.0,0.0001897437194828851
begin,15.0,0.0001897437194828851
belongs,15.0,0.0001897437194828851
popular,15.0,0.0001897437194828851
double,15.0,0.0001897437194828851
somewhat,15.0,0.0001897437194828851
father,15.0,0.0001897437194828851
trouble,15.0,0.0001897437194828851
pipe,15.0,0.0001897437194828851
main,15.0,0.0001897437194828851
phanar,15.0,0.0001897437194828851
azap,15.0,0.0001897437194828851
flag,15.0,0.0001897437194828851
therapia,15.0,0.0001897437194828851
blessing,15.0,0.0001897437194828851
_shadrîvan_,15.0,0.0001897437194828851
park,15.0,0.0001897437194828851
10,15.0,0.0001897437194828851
belonged,15.0,0.0001897437194828851
appeared,15.0,0.0001897437194828851
named,15.0,0.0001897437194828851
curious,15.0,0.0001897437194828851
rarely,15.0,0.0001897437194828851
proportion,15.0,0.0001897437194828851
coming,15.0,0.0001897437194828851
wonder,15.0,0.0001897437194828851
broad,15.0,0.0001897437194828851
happen,15.0,0.0001897437194828851
forms,15.0,0.0001897437194828851
visited,15.0,0.0001897437194828851
shops,15.0,0.0001897437194828851
precious,15.0,0.0001897437194828851
sign,15.0,0.0001897437194828851
cloth,15.0,0.0001897437194828851
woman,15.0,0.0001897437194828851
flower,15.0,0.0001897437194828851
pleasure,15.0,0.0001897437194828851
pay,15.0,0.0001897437194828851
wear,15.0,0.0001897437194828851
historic,15.0,0.0001897437194828851
lay,15.0,0.0001897437194828851
manner,15.0,0.0001897437194828851
clean,15.0,0.0001897437194828851
figures,15.0,0.0001897437194828851
idea,15.0,0.0001897437194828851
captured,15.0,0.0001897437194828851
fires,15.0,0.0001897437194828851
wife,15.0,0.0001897437194828851
presented,15.0,0.0001897437194828851
blood,15.0,0.0001897437194828851
wondered,15.0,0.0001897437194828851
memory,15.0,0.0001897437194828851
learned,15.0,0.0001897437194828851
bronze,15.0,0.0001897437194828851
drove,15.0,0.0001897437194828851
charge,15.0,0.0001897437194828851
born,15.0,0.0001897437194828851
restored,15.0,0.0001897437194828851
foot,15.0,0.0001897437194828851
bulgarian,15.0,0.0001897437194828851
population,15.0,0.0001897437194828851
lanterns,15.0,0.0001897437194828851
child,15.0,0.0001897437194828851
body,15.0,0.0001897437194828851
official,15.0,0.0001897437194828851
accompanied,15.0,0.0001897437194828851
fast,15.0,0.0001897437194828851
firing,15.0,0.0001897437194828851
caps,15.0,0.0001897437194828851
suddenly,15.0,0.0001897437194828851
163,15.0,0.0001897437194828851
87,15.0,0.0001897437194828851
238,15.0,0.0001897437194828851
369,15.0,0.0001897437194828851
61,15.0,0.0001897437194828851
347,15.0,0.0001897437194828851
332,15.0,0.0001897437194828851
donations,15.0,0.0001897437194828851
copy,14.0,0.0001770941381840261
laws,14.0,0.0001770941381840261
archive,14.0,0.0001770941381840261
write,14.0,0.0001770941381840261
yards,14.0,0.0001770941381840261
moreover,14.0,0.0001770941381840261
books,14.0,0.0001770941381840261
information,14.0,0.0001770941381840261
probably,14.0,0.0001770941381840261
