Most common words,B1 relative frequency,B2 relative frequency,Differences in relative frequency
god,0.02064986334649256,0.0006198294836440914,0.02003003386284847
us,0.013513513513513514,0.0012270093859893237,0.012286504127524191
prayer,0.011501670209535379,0.0003288891137703342,0.011172781095765045
cloth,0.006946553294867901,0.0001897437194828851,0.0067568095753850164
father,0.006453082295778925,0.0001897437194828851,0.006263338576296041
life,0.005959611296689949,0.0012270093859893237,0.0047326019107006255
_,0.006149407834801093,0.0021883775647026085,0.003961030270098484
say,0.004631035529911934,0.0008222227844258355,0.0038088127454860986
shall,0.004175523838445187,0.00044273534546006527,0.003732788492985122
constantinople,0.0,0.003706327320565689,0.003706327320565689
man,0.005010628606134224,0.001695043894047107,0.003315584712087117
turkish,0.0,0.003276241556404483,0.003276241556404483
one,0.006225326450045551,0.009499835555443115,0.003274509105397564
two,0.0007212268448223505,0.003959318946542869,0.003238092101720519
book,0.0035302156088672944,0.0003415386950691932,0.003188676913798101
name,0.004744913452778621,0.0017456422192425431,0.002999271233536078
mosque,0.0,0.002896754117438713,0.002896754117438713
upon,0.003606134224111752,0.0007589748779315404,0.002847159346180212
sultan,0.0,0.0028461557922432766,0.0028461557922432766
world,0.003985727300334042,0.0012143598046904648,0.0027713674956435772
j,0.0029608259945338596,0.00020239330078174411,0.0027584326937521155
pasha,0.0,0.0027323095605535455,0.0027323095605535455
however,0.0001518372304889159,0.002782907885748982,0.002631070655260066
new,0.004213483146067416,0.0017456422192425431,0.0024678409268248727
gutenberg,0.0036820528393562103,0.0012270093859893237,0.0024550434533668866
men,0.004327361068934102,0.0019606851013231463,0.002366675967610956
come,0.0035302156088672944,0.0012017102233916057,0.0023285053854756885
stamboul,0.0,0.0022389758898980444,0.0022389758898980444
project,0.0033404190707561495,0.0011384623168973107,0.0022019567538588388
water,3.795930762222897e-05,0.0022010271460014674,0.0021630678383792383
need,0.0024293956878226543,0.0002782907885748982,0.002151104899247756
let,0.002467354995444883,0.0003288891137703342,0.002138465881674549
every,0.0036820528393562103,0.0015811976623573759,0.0021008551769988344
palace,0.0,0.001935385938725428,0.001935385938725428
done,0.002467354995444883,0.0005439319958509373,0.0019234229995939455
illustration,0.00022775584573337383,0.0021251296582083133,0.0018973738124749395
_et,0.0,0.001796240544437979,0.001796240544437979
seq,0.0,0.0017835909631391202,0.0017835909631391202
city,0.0001518372304889159,0.0018974371948288513,0.0017455999643399354
turks,0.0,0.001695043894047107,0.001695043894047107
e,0.002163680534467051,0.0004933336706555013,0.00167034686381155
words,0.0018600060734892195,0.00022769246337946215,0.0016323136101097572
less,0.0001518372304889159,0.0017835909631391202,0.0016317537326502043
house,0.0004175523838445187,0.002023933007817441,0.0016063806239729223
fountain,7.591861524445795e-05,0.001631795987552812,0.001555877372308354
1,0.0022016398420892803,0.0006577782275406684,0.0015438616145486118
christian,0.0020118433039781353,0.0005059832519543603,0.001505860052023775
work,0.0028089887640449437,0.0013408556176790548,0.001468133146365889
heart,0.0016322502277558457,0.00020239330078174411,0.0014298569269741016
bosphorus,0.0,0.0014167531054722089,0.0014167531054722089
another,0.0006453082295778925,0.0020365825891163003,0.0013912743595384078
built,3.795930762222897e-05,0.0014041035241733498,0.0013661442165511207
things,0.0021257212268448226,0.0007969236218281175,0.0013287976050167052
greek,0.00034163376860006075,0.001669744731449389,0.0013281109628493282
like,0.0017081688430003036,0.0030358995117261618,0.0013277306687258582
among,0.0003036744609778318,0.001619146406253953,0.0013154719452761212
full,0.0019359246887336774,0.0006324790649429504,0.001303445623790727
cannot,0.0017840874582447615,0.0004806840893566423,0.0013034033688881191
ii,0.0001518372304889159,0.001454701849368786,0.00130286461887987
best,0.0016702095353780747,0.00039213702026462925,0.0012780725151134455
white,0.00022775584573337383,0.001505300174564222,0.0012775443288308482
little,0.0020118433039781353,0.003288891137703342,0.0012770478337252068
may,0.004175523838445187,0.0029220532800364307,0.0012534705584087563
mehmed,0.0,0.0012523085485870418,0.0012523085485870418
wall,0.0,0.0012396589672881827,0.0012396589672881827
byzantine,0.0,0.0012396589672881827,0.0012396589672881827
give,0.0019738839963559063,0.0007589748779315404,0.001214909118424366
st,0.0004934709990889766,0.001695043894047107,0.0012015728949581303
f,0.0014044943820224719,0.00021504288208060315,0.0011894514999418687
houses,0.0,0.0011764110607938878,0.0011764110607938878
must,0.0028089887640449437,0.00165709515015053,0.0011518936138944138
large,0.0016322502277558457,0.0004933336706555013,0.0011389165571003444
iii,0.0001518372304889159,0.0012902572924836189,0.001138420061994703
three,0.00022775584573337383,0.0013661547802767727,0.001138398934543399
part,0.0006073489219556636,0.001732992637943684,0.0011256437159880206
street,0.0001518372304889159,0.0012523085485870418,0.001100471318098126
many,0.0018979653811114485,0.0029979507678295847,0.0010999853867181362
use,0.0018220467658669906,0.0007336757153338225,0.0010883710505331682
coffee,0.0,0.0010752144104030157,0.0010752144104030157
walls,0.0,0.0010752144104030157,0.0010752144104030157
time,0.0017461281506225327,0.002820856629645559,0.0010747284790230262
marble,0.0,0.0010625648291041566,0.0010625648291041566
long,0.0011008199210446401,0.0021630784021048903,0.0010622584810602502
much,0.0014044943820224719,0.0024540187719786473,0.0010495243899561755
find,0.0016322502277558457,0.0005945303210463733,0.0010377199067094724
cross,0.0015563316125113877,0.0005186328332532193,0.0010376987792581685
free,0.001252657151533556,0.00022769246337946215,0.0010249646881540938
imperial,3.795930762222897e-05,0.0010625648291041566,0.0010246055214819276
made,0.001366535074400243,0.0023907708654843525,0.0010242357910841095
black,0.0004175523838445187,0.001429402686771068,0.0010118503029265492
also,0.0018220467658669906,0.0028335062109444177,0.001011459445077427
said,0.0018220467658669906,0.0008348723657246945,0.000987174400142296
ahmed,0.0,0.0009866673413110026,0.0009866673413110026
power,0.001290616459155785,0.0003162395324714752,0.0009743769266843099
pera,0.0,0.0009740177600121436,0.0009740177600121436
jami,0.0,0.0009740177600121436,0.0009740177600121436
galata,0.0,0.0009740177600121436,0.0009740177600121436
ül,0.0,0.0009740177600121436,0.0009740177600121436
thought,0.001252657151533556,0.00029094036987375717,0.0009617167816597988
tiles,0.0,0.0009613681787132846,0.0009613681787132846
day,0.003909808685089584,0.0029600020239330077,0.0009498066611565762
church,0.0009869419981779531,0.001935385938725428,0.000948443940547475
called,0.0004175523838445187,0.0013535051989779139,0.0009359528151333951
last,0.0009869419981779531,0.0019100867761277101,0.000923144777949757
fountains,0.0,0.0009107698535178486,0.0009107698535178486
soldiers,7.591861524445795e-05,0.0009866673413110026,0.0009107487260665446
war,0.0001518372304889159,0.0010625648291041566,0.0009107275986152408
word,0.0014804129972669298,0.0005818807397475143,0.0008985322575194155
came,0.0006453082295778925,0.001543248918460799,0.0008979406888829065
works,0.0014044943820224719,0.0005186328332532193,0.0008858615487692525
think,0.001290616459155785,0.00040478660156348823,0.0008858298575922969
scutari,0.0,0.0008854706909201305,0.0008854706909201305
horn,0.0,0.0008728211096212716,0.0008728211096212716
mosques,0.0,0.0008728211096212716,0.0008728211096212716
trees,0.0,0.0008728211096212716,0.0008728211096212716
took,0.00022775584573337383,0.0011005135730007337,0.0008727577272673599
windows,0.0,0.0008601715283224126,0.0008601715283224126
turk,0.0,0.0008475219470235535,0.0008475219470235535
abd,0.0,0.0008348723657246945,0.0008348723657246945
garden,0.0002657151533556028,0.0011005135730007337,0.0008347984196451308
times,0.001290616459155785,0.0004680345080577833,0.0008225819510980018
peace,0.0010628606134224113,0.00024034204467832115,0.0008225185687440902
_see_,0.0,0.0008222227844258355,0.0008222227844258355
john,0.0011008199210446401,0.00029094036987375717,0.0008098795511708829
books,0.0009869419981779531,0.0001770941381840261,0.000809847859993927
blue,7.591861524445795e-05,0.0008854706909201305,0.0008095520756756726
colour,7.591861524445795e-05,0.0008854706909201305,0.0008095520756756726
open,0.00011387792286668691,0.0009234194348167076,0.0008095415119500207
seen,0.0005314303067112056,0.0013408556176790548,0.0008094253109678491
son,0.0014044943820224719,0.0006071799023452324,0.0007973144796772395
read,0.001176738536289098,0.0003794874389657702,0.0007972510973233279
hamid,0.0,0.0007969236218281175,0.0007969236218281175
behind,7.591861524445795e-05,0.0008728211096212716,0.0007969024943768136
still,0.0010628606134224113,0.0018594884509322742,0.000796627837509863
tell,0.0011008199210446401,0.0003162395324714752,0.000784580388573165
went,0.00011387792286668691,0.0008981202722189895,0.0007842423493523026
side,0.0003795930762222897,0.0011637614794950287,0.000784168403272739
well,0.0017840874582447615,0.0010119665039087205,0.000772120954336041
front,7.591861524445795e-05,0.0008475219470235535,0.0007716033317790956
character,0.0010249013058001822,0.00026564120727603916,0.000759260098524143
village,0.0,0.0007589748779315404,0.0007589748779315404
stone,3.795930762222897e-05,0.0007969236218281175,0.0007589643142058885
small,0.00045551169146674765,0.0012143598046904648,0.0007588481132237172
days,0.0007591861524445794,0.0015179497558630809,0.0007587636034185014
children,0.001252657151533556,0.0005059832519543603,0.0007466738995791957
place,0.0014804129972669298,0.0022263263085991855,0.0007459133113322557
greeks,0.0,0.0007336757153338225,0.0007336757153338225
empire,0.0003036744609778318,0.0010372656665064387,0.000733591205528607
golden,0.0005314303067112056,0.0012649581298859007,0.0007335278231746951
home,0.0009489826905557243,0.00022769246337946215,0.0007212902271762622
de,0.0,0.0007210261340349634,0.0007210261340349634
almost,0.0001518372304889159,0.0008728211096212716,0.0007209838791323557
court,0.0001518372304889159,0.0008728211096212716,0.0007209838791323557
certain,0.0004175523838445187,0.0011384623168973107,0.000720909933052792
3,0.0009110233829334953,0.00020239330078174411,0.0007086300821517511
four,7.591861524445795e-05,0.0007842740405292585,0.0007083554252848006
story,0.0009869419981779531,0.00029094036987375717,0.0006960016283041959
electronic,0.0010249013058001822,0.0003415386950691932,0.0006833626107309891
child,0.0008730640753112663,0.0001897437194828851,0.0006833203558283813
european,0.0,0.0006830773901383864,0.0006830773901383864
süleïman,0.0,0.0006704278088395274,0.0006704278088395274
streets,7.591861524445795e-05,0.0007463252966326815,0.0006704066813882235
left,0.00045551169146674765,0.0011258127355984516,0.000670301044131704
back,0.0006832675372001215,0.0013535051989779139,0.0006702376617777924
big,3.795930762222897e-05,0.0006957269714372455,0.0006577676638150165
help,0.0009489826905557243,0.0003035899511726162,0.0006453927393831081
gardens,0.0,0.0006451286462418094,0.0006451286462418094
hand,0.0003036744609778318,0.0009487185974144256,0.0006450441364365938
enough,0.0003795930762222897,0.0010246160852075796,0.0006450230089852899
might,0.0006832675372001215,0.001328206036380196,0.0006449384991800744
foundation,0.0009869419981779531,0.0003541882763680522,0.0006327537218099009
terms,0.0009110233829334953,0.0002782907885748982,0.0006327325943585971
paper,0.0008351047676890374,0.00020239330078174411,0.0006327114669072932
bring,0.0008351047676890374,0.00020239330078174411,0.0006327114669072932
began,3.795930762222897e-05,0.0006704278088395274,0.0006324685012172984
high,0.0003795930762222897,0.0010119665039087205,0.0006323734276864309
sea,0.0004175523838445187,0.0010499152478052976,0.0006323628639607788
poor,0.0009110233829334953,0.00029094036987375717,0.0006200830130597382
lady,0.00018979653811114486,0.0008095732031269765,0.0006197766650158316
red,0.00022775584573337383,0.0008475219470235535,0.0006197661012901797
known,0.0003036744609778318,0.0009234194348167076,0.0006197449738388758
perhaps,0.00045551169146674765,0.0010752144104030157,0.0006197027189362681
given,0.0012146978439113271,0.0006071799023452324,0.0006075179415660947
remember,0.0009869419981779531,0.0003794874389657702,0.000607454559212183
green,0.0001518372304889159,0.0007589748779315404,0.0006071376474426246
number,0.00022775584573337383,0.0008348723657246945,0.0006071165199913207
sophia,0.0,0.0005945303210463733,0.0005945303210463733
famous,3.795930762222897e-05,0.0006324790649429504,0.0005945197573207214
stood,3.795930762222897e-05,0.0006324790649429504,0.0005945197573207214
magnificent,7.591861524445795e-05,0.0006704278088395274,0.0005945091935950695
early,0.00011387792286668691,0.0007083765527361044,0.0005944986298694175
tower,0.0,0.0005818807397475143,0.0005818807397475143
quarter,3.795930762222897e-05,0.0006198294836440914,0.0005818701760218624
least,7.591861524445795e-05,0.0006577782275406684,0.0005818596122962105
prophet,0.0001518372304889159,0.0007336757153338225,0.0005818384848449066
already,0.00018979653811114486,0.0007716244592303995,0.0005818279211192547
hundred,0.0003036744609778318,0.0008854706909201305,0.0005817962299422988
copyright,0.0008351047676890374,0.00026564120727603916,0.0005694635604129982
mahmoud,0.0,0.0005692311584486554,0.0005692311584486554
picturesque,0.0,0.0005692311584486554,0.0005692311584486554
cypresses,0.0,0.0005692311584486554,0.0005692311584486554
asia,3.795930762222897e-05,0.0006071799023452324,0.0005692205947230034
later,0.0001518372304889159,0.0007210261340349634,0.0005691889035460475
h,0.0008730640753112663,0.0003162395324714752,0.0005568245428397912
mr,0.0008351047676890374,0.0002782907885748982,0.0005568139791141391
human,0.0007971454600668084,0.00024034204467832115,0.0005568034153884873
seraglio,0.0,0.0005565815771497964,0.0005565815771497964
strange,3.795930762222897e-05,0.0005945303210463733,0.0005565710134241443
five,3.795930762222897e-05,0.0005945303210463733,0.0005565710134241443
head,0.00011387792286668691,0.0006704278088395274,0.0005565498859728405
gold,0.0004175523838445187,0.0009740177600121436,0.000556465376167625
great,0.0023914363802004252,0.002947352442634149,0.0005559160624337236
without,0.0018220467658669906,0.0012776077111847598,0.0005444390546822308
perfect,0.0010249013058001822,0.0004806840893566423,0.0005442172164435399
europe,3.795930762222897e-05,0.0005818807397475143,0.0005439214321252854
air,3.795930762222897e-05,0.0005818807397475143,0.0005439214321252854
near,0.00018979653811114486,0.0007336757153338225,0.0005438791772226777
young,0.0003036744609778318,0.0008475219470235535,0.0005438474860457218
different,0.0003036744609778318,0.0008475219470235535,0.0005438474860457218
ever,0.001290616459155785,0.0007589748779315404,0.0005316415812242446
haneh,0.0,0.0005312824145520783,0.0005312824145520783
turkey,0.0,0.0005312824145520783,0.0005312824145520783
looked,7.591861524445795e-05,0.0006071799023452324,0.0005312612871007745
since,0.00011387792286668691,0.0006451286462418094,0.0005312507233751225
ramazan,0.0,0.0005186328332532193,0.0005186328332532193
bridge,0.0,0.0005186328332532193,0.0005186328332532193
period,0.0,0.0005186328332532193,0.0005186328332532193
room,0.00022775584573337383,0.0007463252966326815,0.0005185694508993077
way,0.001252657151533556,0.001770941381840261,0.0005182842303067051
art,0.0010628606134224113,0.0005565815771497964,0.0005062790362726149
conqueror,0.0,0.0005059832519543603,0.0005059832519543603
patriarch,0.0,0.0005059832519543603,0.0005059832519543603
saw,0.00022775584573337383,0.0007336757153338225,0.0005059198696004487
interesting,0.0003036744609778318,0.0008095732031269765,0.0005058987421491447
coming,0.0006832675372001215,0.0001897437194828851,0.0004935238177172364
bey,0.0,0.0004933336706555013,0.0004933336706555013
grand,0.00011387792286668691,0.0006071799023452324,0.0004933019794785455
country,0.0004175523838445187,0.0009107698535178486,0.00049321746967333
years,0.0008730640753112663,0.0013661547802767727,0.0004930907049655064
first,0.002884907379289402,0.0024034204467832114,0.0004814869325061905
ceremony,0.0,0.0004806840893566423,0.0004806840893566423
ladies,0.0,0.0004806840893566423,0.0004806840893566423
characteristic,0.0,0.0004806840893566423,0.0004806840893566423
sultans,0.0,0.0004806840893566423,0.0004806840893566423
persian,0.0,0.0004806840893566423,0.0004806840893566423
mohammedan,0.0,0.0004806840893566423,0.0004806840893566423
tomb,3.795930762222897e-05,0.0005186328332532193,0.0004806735256309904
constantine,3.795930762222897e-05,0.0005186328332532193,0.0004806735256309904
right,0.0011387792286668692,0.0006704278088395274,0.0004683514198273418
simple,0.0008730640753112663,0.00040478660156348823,0.0004682774737477781
states,0.0007591861524445794,0.00029094036987375717,0.00046824578257082227
wooden,0.0,0.0004680345080577833,0.0004680345080577833
ali,0.0,0.0004680345080577833,0.0004680345080577833
merely,3.795930762222897e-05,0.0005059832519543603,0.0004680239443321313
cut,3.795930762222897e-05,0.0005059832519543603,0.0004680239443321313
across,3.795930762222897e-05,0.0005059832519543603,0.0004680239443321313
rather,0.0002657151533556028,0.0007336757153338225,0.00046796056197821967
could,0.0014804129972669298,0.0019480355200242872,0.00046762252275735737
top,0.001328575766778014,0.0008728211096212716,0.0004557546571567424
pass,0.0007971454600668084,0.0003415386950691932,0.0004556067649976152
license,0.0006832675372001215,0.00022769246337946215,0.0004555750738206594
agreement,0.0006832675372001215,0.00022769246337946215,0.0004555750738206594
selim,0.0,0.0004553849267589243,0.0004553849267589243
happened,0.0,0.0004553849267589243,0.0004553849267589243
embassy,0.0,0.0004553849267589243,0.0004553849267589243
venice,0.0,0.0004553849267589243,0.0004553849267589243
dark,0.00022775584573337383,0.0006830773901383864,0.00045532154440501257
night,0.0005314303067112056,0.0009866673413110026,0.0004552370345997969
morning,0.0010249013058001822,0.0005818807397475143,0.00044302056605266787
school,0.0007971454600668084,0.0003541882763680522,0.0004429571836987562
yeni,0.0,0.00044273534546006527,0.00044273534546006527
market,0.0,0.00044273534546006527,0.00044273534546006527
space,3.795930762222897e-05,0.0004806840893566423,0.00044272478173441334
beside,3.795930762222897e-05,0.0004806840893566423,0.00044272478173441334
passed,7.591861524445795e-05,0.0005186328332532193,0.0004427142180087614
far,0.0005314303067112056,0.0009740177600121436,0.00044258745330093795
marmora,0.0,0.0004300857641612063,0.0004300857641612063
yard,0.0,0.0004300857641612063,0.0004300857641612063
tall,0.0,0.0004300857641612063,0.0004300857641612063
islam,3.795930762222897e-05,0.0004680345080577833,0.0004300752004355543
door,3.795930762222897e-05,0.0004680345080577833,0.0004300752004355543
west,0.00011387792286668691,0.0005439319958509373,0.0004300540729842504
company,0.0001518372304889159,0.0005818807397475143,0.00043004350925859847
flowers,0.0001518372304889159,0.0005818807397475143,0.00043004350925859847
town,0.00022775584573337383,0.0006577782275406684,0.0004300223818072946
became,0.00022775584573337383,0.0006577782275406684,0.0004300223818072946
celebrated,0.0,0.00041743618286234726,0.00041743618286234726
kyöi,0.0,0.00041743618286234726,0.00041743618286234726
mourad,0.0,0.00041743618286234726,0.00041743618286234726
wood,3.795930762222897e-05,0.0004553849267589243,0.00041742561913669533
east,0.00011387792286668691,0.0005312824145520783,0.0004174044916853914
view,0.0001518372304889159,0.0005692311584486554,0.0004173939279597395
hill,0.00022775584573337383,0.0006451286462418094,0.00041737280050843564
followed,0.00022775584573337383,0.0006451286462418094,0.00041737280050843564
century,0.0002657151533556028,0.0006830773901383864,0.00041736223678278355
look,0.0012146978439113271,0.0008095732031269765,0.0004051246407843507
san,0.0,0.00040478660156348823,0.00040478660156348823
procession,0.0,0.00040478660156348823,0.00040478660156348823
armenian,0.0,0.00040478660156348823,0.00040478660156348823
hüsseïn,0.0,0.00040478660156348823,0.00040478660156348823
gone,3.795930762222897e-05,0.00044273534546006527,0.0004047760378378363
interior,3.795930762222897e-05,0.00044273534546006527,0.0004047760378378363
away,0.0009869419981779531,0.001391453942874491,0.00040451194469653777
fact,0.001328575766778014,0.0009360690161155665,0.0003925067506624474
means,0.0011008199210446401,0.0007083765527361044,0.0003924433683085357
united,0.0006073489219556636,0.00021504288208060315,0.00039230603987506043
twenty,0.0,0.00039213702026462925,0.00039213702026462925
decorative,0.0,0.00039213702026462925,0.00039213702026462925
heads,3.795930762222897e-05,0.0004300857641612063,0.0003921264565389773
supposed,7.591861524445795e-05,0.0004680345080577833,0.00039211589281332534
italian,7.591861524445795e-05,0.0004680345080577833,0.00039211589281332534
outside,0.0001518372304889159,0.0005439319958509373,0.00039209476536202143
whether,0.00034163376860006075,0.0007336757153338225,0.00039204194673376174
true,0.0012146978439113271,0.0008348723657246945,0.00037982547818663263
donations,0.0005693896143334346,0.0001897437194828851,0.0003796458948505495
architecture,0.0,0.0003794874389657702,0.0003794874389657702
effendi,0.0,0.0003794874389657702,0.0003794874389657702
square,0.0,0.0003794874389657702,0.0003794874389657702
rue,0.0,0.0003794874389657702,0.0003794874389657702
koran,0.0,0.0003794874389657702,0.0003794874389657702
vizier,0.0,0.0003794874389657702,0.0003794874389657702
venetian,0.0,0.0003794874389657702,0.0003794874389657702
chapter,3.795930762222897e-05,0.00041743618286234726,0.0003794768752401183
latter,3.795930762222897e-05,0.00041743618286234726,0.0003794768752401183
western,7.591861524445795e-05,0.0004553849267589243,0.00037946631151446636
spring,0.00011387792286668691,0.0004933336706555013,0.0003794557477888144
gate,0.00022775584573337383,0.0006071799023452324,0.0003794240566118586
old,0.0031885818402672336,0.002820856629645559,0.0003677252106216748
believe,0.0009110233829334953,0.0005439319958509373,0.000367091387082558
hope,0.0006073489219556636,0.00024034204467832115,0.0003670068772773424
custom,0.0,0.00036683785766691124,0.00036683785766691124
139,0.0,0.00036683785766691124,0.00036683785766691124
remains,0.0,0.00036683785766691124,0.00036683785766691124
gallery,0.0,0.00036683785766691124,0.00036683785766691124
building,3.795930762222897e-05,0.00040478660156348823,0.00036682729394125926
shore,3.795930762222897e-05,0.00040478660156348823,0.00036682729394125926
suppose,3.795930762222897e-05,0.00040478660156348823,0.00036682729394125926
sort,7.591861524445795e-05,0.00044273534546006527,0.00036681673021560733
going,0.00011387792286668691,0.0004806840893566423,0.0003668061664899554
line,0.00011387792286668691,0.0004806840893566423,0.0003668061664899554
indeed,0.0001518372304889159,0.0005186328332532193,0.0003667956027643035
point,0.0004175523838445187,0.0007842740405292585,0.0003667216566847398
half,0.0004934709990889766,0.0008601715283224126,0.000366700529233436
sometimes,0.0006073489219556636,0.0009740177600121436,0.00036666883805648
written,0.0006832675372001215,0.0003288891137703342,0.0003543784234297873
face,0.0006453082295778925,0.00029094036987375717,0.00035436785970413537
copy,0.0005314303067112056,0.0001770941381840261,0.00035433616852717953
corner,0.0,0.0003541882763680522,0.0003541882763680522
floor,0.0,0.0003541882763680522,0.0003541882763680522
genoese,0.0,0.0003541882763680522,0.0003541882763680522
farther,0.0,0.0003541882763680522,0.0003541882763680522
boats,0.0,0.0003541882763680522,0.0003541882763680522
moustafa,0.0,0.0003541882763680522,0.0003541882763680522
sinan,0.0,0.0003541882763680522,0.0003541882763680522
upper,3.795930762222897e-05,0.00039213702026462925,0.0003541777126424003
castle,3.795930762222897e-05,0.00039213702026462925,0.0003541777126424003
opposite,3.795930762222897e-05,0.00039213702026462925,0.0003541777126424003
toward,0.00011387792286668691,0.0004680345080577833,0.0003541565851910964
seems,0.0001518372304889159,0.0005059832519543603,0.0003541460214654444
around,0.00018979653811114486,0.0005439319958509373,0.00035413545773979246
case,0.00022775584573337383,0.0005818807397475143,0.00035412489401414054
interest,0.0002657151533556028,0.0006198294836440914,0.00035411433028848855
able,0.0006832675372001215,0.0003415386950691932,0.0003417288421309283
live,0.0006453082295778925,0.0003035899511726162,0.00034171827840527634
past,0.0006073489219556636,0.00026564120727603916,0.0003417077146796244
colony,0.0,0.0003415386950691932,0.0003415386950691932
centre,0.0,0.0003415386950691932,0.0003415386950691932
wore,0.0,0.0003415386950691932,0.0003415386950691932
glass,0.0,0.0003415386950691932,0.0003415386950691932
finally,0.0,0.0003415386950691932,0.0003415386950691932
eyoub,0.0,0.0003415386950691932,0.0003415386950691932
barracks,0.0,0.0003415386950691932,0.0003415386950691932
older,0.0,0.0003415386950691932,0.0003415386950691932
asiatic,0.0,0.0003415386950691932,0.0003415386950691932
92,0.0,0.0003415386950691932,0.0003415386950691932
although,3.795930762222897e-05,0.0003794874389657702,0.00034152813134354125
seem,3.795930762222897e-05,0.0003794874389657702,0.00034152813134354125
sun,7.591861524445795e-05,0.00041743618286234726,0.0003415175676178893
eye,7.591861524445795e-05,0.00041743618286234726,0.0003415175676178893
effect,0.00011387792286668691,0.0004553849267589243,0.0003415070038922374
course,0.00022775584573337383,0.0005692311584486554,0.00034147531271528156
year,0.0003795930762222897,0.0007210261340349634,0.0003414330578126737
see,0.0018979653811114485,0.001568548081058517,0.00032941730005293154
know,0.0017081688430003036,0.0013788043615756318,0.0003293644814246718
series,0.0006453082295778925,0.0003162395324714752,0.00032906869710641736
gives,0.0005314303067112056,0.00020239330078174411,0.0003290370059294615
silver,0.0,0.0003288891137703342,0.0003288891137703342
tradition,0.0,0.0003288891137703342,0.0003288891137703342
monastery,0.0,0.0003288891137703342,0.0003288891137703342
boat,0.0,0.0003288891137703342,0.0003288891137703342
dervishes,0.0,0.0003288891137703342,0.0003288891137703342
patriarchate,0.0,0.0003288891137703342,0.0003288891137703342
occasion,3.795930762222897e-05,0.00036683785766691124,0.0003288785500446823
none,0.0001518372304889159,0.0004806840893566423,0.00032884685886772644
question,0.0006453082295778925,0.0003288891137703342,0.00031641911580755833
beautiful,0.0006073489219556636,0.00029094036987375717,0.0003164085520819064
sunday,0.0005314303067112056,0.00021504288208060315,0.0003163874246306025
laws,0.0004934709990889766,0.0001770941381840261,0.00031637686090495046
archive,0.0004934709990889766,0.0001770941381840261,0.00031637686090495046
american,0.0,0.0003162395324714752,0.0003162395324714752
justinian,0.0,0.0003162395324714752,0.0003162395324714752
mosaic,0.0,0.0003162395324714752,0.0003162395324714752
easter,0.0,0.0003162395324714752,0.0003162395324714752
arch,0.0,0.0003162395324714752,0.0003162395324714752
officer,0.0,0.0003162395324714752,0.0003162395324714752
scene,0.0,0.0003162395324714752,0.0003162395324714752
flags,0.0,0.0003162395324714752,0.0003162395324714752
oriental,3.795930762222897e-05,0.0003541882763680522,0.00031622896874582325
takes,0.00011387792286668691,0.0004300857641612063,0.0003162078412945194
places,0.00018979653811114486,0.0005059832519543603,0.0003161867138432154
ancient,0.00018979653811114486,0.0005059832519543603,0.0003161867138432154
taken,0.00022775584573337383,0.0005439319958509373,0.0003161761501175635
churches,0.0002657151533556028,0.0005818807397475143,0.0003161655863919115
set,0.0005693896143334346,0.0008854706909201305,0.0003160810765866959
whose,0.0007971454600668084,0.0011131631542995928,0.00031601769423278436
good,0.001442453689644701,0.0011384623168973107,0.00030399137274739023
pay,0.0004934709990889766,0.0001897437194828851,0.0003037272796060915
forms,0.0004934709990889766,0.0001897437194828851,0.0003037272796060915
ottoman,0.0,0.0003035899511726162,0.0003035899511726162
197,0.0,0.0003035899511726162,0.0003035899511726162
valideh,0.0,0.0003035899511726162,0.0003035899511726162
low,0.0,0.0003035899511726162,0.0003035899511726162
minor,0.0,0.0003035899511726162,0.0003035899511726162
sat,0.0,0.0003035899511726162,0.0003035899511726162
minarets,0.0,0.0003035899511726162,0.0003035899511726162
_sebil_,0.0,0.0003035899511726162,0.0003035899511726162
capital,0.0,0.0003035899511726162,0.0003035899511726162
baïezid,0.0,0.0003035899511726162,0.0003035899511726162
1913,0.0,0.0003035899511726162,0.0003035899511726162
kapou,0.0,0.0003035899511726162,0.0003035899511726162
accordingly,3.795930762222897e-05,0.0003415386950691932,0.0003035793874469642
originally,3.795930762222897e-05,0.0003415386950691932,0.0003035793874469642
guard,3.795930762222897e-05,0.0003415386950691932,0.0003035793874469642
events,7.591861524445795e-05,0.0003794874389657702,0.0003035688237213123
carried,0.00011387792286668691,0.00041743618286234726,0.00030355825999566036
ground,0.0003036744609778318,0.0006071799023452324,0.0003035054413674006
second,0.0007212268448223505,0.0004300857641612063,0.0002911410806611442
stands,0.0006073489219556636,0.0003162395324714752,0.0002911093894841884
alone,0.0005314303067112056,0.00024034204467832115,0.0002910882620328845
ornament,0.0,0.00029094036987375717,0.00029094036987375717
window,0.0,0.00029094036987375717,0.00029094036987375717
dome,0.0,0.00029094036987375717,0.00029094036987375717
cemetery,0.0,0.00029094036987375717,0.00029094036987375717
photograph,0.0,0.00029094036987375717,0.00029094036987375717
cities,0.0,0.00029094036987375717,0.00029094036987375717
_mihrab_,0.0,0.00029094036987375717,0.00029094036987375717
_medresseh_,0.0,0.00029094036987375717,0.00029094036987375717
pious,0.0,0.00029094036987375717,0.00029094036987375717
140,0.0,0.00029094036987375717,0.00029094036987375717
inscriptions,0.0,0.00029094036987375717,0.00029094036987375717
bazaar,0.0,0.00029094036987375717,0.00029094036987375717
row,0.0,0.00029094036987375717,0.00029094036987375717
tents,0.0,0.00029094036987375717,0.00029094036987375717
palaces,0.0,0.00029094036987375717,0.00029094036987375717
earlier,3.795930762222897e-05,0.0003288891137703342,0.00029092980614810524
iv,0.00011387792286668691,0.00040478660156348823,0.00029090867869680133
french,0.00011387792286668691,0.00040478660156348823,0.00029090867869680133
emperor,0.0001518372304889159,0.00044273534546006527,0.0002908981149711494
reason,0.0001518372304889159,0.00044273534546006527,0.0002908981149711494
rome,0.00022775584573337383,0.0005186328332532193,0.00029087698751984554
greater,0.0002657151533556028,0.0005565815771497964,0.00029086642379419356
makes,0.0005314303067112056,0.00025299162597718013,0.0002784386807340255
58,0.0,0.0002782907885748982,0.0002782907885748982
ibrahim,0.0,0.0002782907885748982,0.0002782907885748982
130,0.0,0.0002782907885748982,0.0002782907885748982
byzantium,0.0,0.0002782907885748982,0.0002782907885748982
decoration,0.0,0.0002782907885748982,0.0002782907885748982
meantime,0.0,0.0002782907885748982,0.0002782907885748982
persians,0.0,0.0002782907885748982,0.0002782907885748982
parliament,0.0,0.0002782907885748982,0.0002782907885748982
kahrieh,0.0,0.0002782907885748982,0.0002782907885748982
bay,0.0,0.0002782907885748982,0.0002782907885748982
revolution,0.0,0.0002782907885748982,0.0002782907885748982
holidays,0.0,0.0002782907885748982,0.0002782907885748982
otherwise,3.795930762222897e-05,0.0003162395324714752,0.0002782802248492462
rose,3.795930762222897e-05,0.0003162395324714752,0.0002782802248492462
prince,3.795930762222897e-05,0.0003162395324714752,0.0002782802248492462
foreign,7.591861524445795e-05,0.0003541882763680522,0.0002782696611235943
knew,0.00022775584573337383,0.0005059832519543603,0.00027822740622098646
though,0.0006832675372001215,0.0009613681787132846,0.0002781006415131631
end,0.0006832675372001215,0.0009613681787132846,0.0002781006415131631
found,0.0006832675372001215,0.0009613681787132846,0.0002781006415131631
march,0.0,0.00026564120727603916,0.00026564120727603916
doors,0.0,0.00026564120727603916,0.00026564120727603916
harbour,0.0,0.00026564120727603916,0.00026564120727603916
143,0.0,0.00026564120727603916,0.00026564120727603916
sokollî,0.0,0.00026564120727603916,0.00026564120727603916
museum,0.0,0.00026564120727603916,0.00026564120727603916
levant,0.0,0.00026564120727603916,0.00026564120727603916
yîldîz,0.0,0.00026564120727603916,0.00026564120727603916
hyacinth,0.0,0.00026564120727603916,0.00026564120727603916
arabic,0.0,0.00026564120727603916,0.00026564120727603916
dancing,0.0,0.00026564120727603916,0.00026564120727603916
tile,0.0,0.00026564120727603916,0.00026564120727603916
stefano,0.0,0.00026564120727603916,0.00026564120727603916
85,0.0,0.00026564120727603916,0.00026564120727603916
macedonian,0.0,0.00026564120727603916,0.00026564120727603916
army,3.795930762222897e-05,0.0003035899511726162,0.00026563064355038723
lighted,3.795930762222897e-05,0.0003035899511726162,0.00026563064355038723
seemed,7.591861524445795e-05,0.0003415386950691932,0.00026562007982473525
larger,7.591861524445795e-05,0.0003415386950691932,0.00026562007982473525
particular,0.00011387792286668691,0.0003794874389657702,0.0002656095160990833
road,0.00011387792286668691,0.0003794874389657702,0.0002656095160990833
several,0.00011387792286668691,0.0003794874389657702,0.0002656095160990833
sure,0.0001518372304889159,0.00041743618286234726,0.00026559895237343134
heard,0.0003036744609778318,0.0005692311584486554,0.00026555669747082357
told,0.00034163376860006075,0.0006071799023452324,0.00026554613374517164
general,0.00034163376860006075,0.0006071799023452324,0.00026554613374517164
used,0.0006453082295778925,0.0009107698535178486,0.00026546162393995606
even,0.0017081688430003036,0.001973334682622005,0.0002651658396217015
according,0.0004934709990889766,0.00024034204467832115,0.0002531289544106554
received,0.00045551169146674765,0.00020239330078174411,0.00025311839068500354
deal,0.00045551169146674765,0.00020239330078174411,0.00025311839068500354
rüstem,0.0,0.00025299162597718013,0.00025299162597718013
kiat,0.0,0.00025299162597718013,0.00025299162597718013
terrace,0.0,0.00025299162597718013,0.00025299162597718013
entrance,0.0,0.00025299162597718013,0.00025299162597718013
358,0.0,0.00025299162597718013,0.00025299162597718013
palæologus,0.0,0.00025299162597718013,0.00025299162597718013
thrace,0.0,0.00025299162597718013,0.00025299162597718013
candles,0.0,0.00025299162597718013,0.00025299162597718013
arab,0.0,0.00025299162597718013,0.00025299162597718013
marched,0.0,0.00025299162597718013,0.00025299162597718013
plane,0.0,0.00025299162597718013,0.00025299162597718013
hissar,0.0,0.00025299162597718013,0.00025299162597718013
tree,3.795930762222897e-05,0.00029094036987375717,0.0002529810622515282
middle,3.795930762222897e-05,0.00029094036987375717,0.0002529810622515282
outer,3.795930762222897e-05,0.00029094036987375717,0.0002529810622515282
157,3.795930762222897e-05,0.00029094036987375717,0.0002529810622515282
emperors,3.795930762222897e-05,0.00029094036987375717,0.0002529810622515282
forty,7.591861524445795e-05,0.0003288891137703342,0.00025297049852587627
visible,7.591861524445795e-05,0.0003288891137703342,0.00025297049852587627
particularly,7.591861524445795e-05,0.0003288891137703342,0.00025297049852587627
sit,7.591861524445795e-05,0.0003288891137703342,0.00025297049852587627
painted,7.591861524445795e-05,0.0003288891137703342,0.00025297049852587627
lines,0.00011387792286668691,0.00036683785766691124,0.00025295993480022434
hardly,0.00011387792286668691,0.00036683785766691124,0.00025295993480022434
quite,0.0003795930762222897,0.0006324790649429504,0.00025288598872066063
matter,0.0004175523838445187,0.0006704278088395274,0.0002528754249950087
gave,0.0007971454600668084,0.0005565815771497964,0.00024056388291701202
really,0.0005693896143334346,0.0003288891137703342,0.0002405005005631004
ambassador,0.0,0.00024034204467832115,0.00024034204467832115
206,0.0,0.00024034204467832115,0.00024034204467832115
160,0.0,0.00024034204467832115,0.00024034204467832115
142,0.0,0.00024034204467832115,0.00024034204467832115
suburb,0.0,0.00024034204467832115,0.00024034204467832115
quay,0.0,0.00024034204467832115,0.00024034204467832115
158,0.0,0.00024034204467832115,0.00024034204467832115
generally,0.0,0.00024034204467832115,0.00024034204467832115
site,0.0,0.00024034204467832115,0.00024034204467832115
carrying,0.0,0.00024034204467832115,0.00024034204467832115
refugees,0.0,0.00024034204467832115,0.00024034204467832115
1912,0.0,0.00024034204467832115,0.00024034204467832115
station,0.0,0.00024034204467832115,0.00024034204467832115
renaissance,0.0,0.00024034204467832115,0.00024034204467832115
impressionist,0.0,0.00024034204467832115,0.00024034204467832115
mecca,0.0,0.00024034204467832115,0.00024034204467832115
panels,0.0,0.00024034204467832115,0.00024034204467832115
existed,0.0,0.00024034204467832115,0.00024034204467832115
_baïram_,0.0,0.00024034204467832115,0.00024034204467832115
york,3.795930762222897e-05,0.0002782907885748982,0.00024033148095266922
stopped,3.795930762222897e-05,0.0002782907885748982,0.00024033148095266922
steps,3.795930762222897e-05,0.0002782907885748982,0.00024033148095266922
fire,7.591861524445795e-05,0.0003162395324714752,0.00024032091722701724
along,0.00011387792286668691,0.0003541882763680522,0.00024031035350136531
letters,0.00011387792286668691,0.0003541882763680522,0.00024031035350136531
possible,0.0001518372304889159,0.00039213702026462925,0.00024029978977571336
save,0.0001518372304889159,0.00039213702026462925,0.00024029978977571336
turned,0.00022775584573337383,0.0004680345080577833,0.00024027866232440945
either,0.00022775584573337383,0.0004680345080577833,0.00024027866232440945
language,0.0004175523838445187,0.0001897437194828851,0.00022780866436163358
200,0.0,0.00022769246337946215,0.00022769246337946215
venetians,0.0,0.00022769246337946215,0.00022769246337946215
159,0.0,0.00022769246337946215,0.00022769246337946215
245,0.0,0.00022769246337946215,0.00022769246337946215
osman,0.0,0.00022769246337946215,0.00022769246337946215
107,0.0,0.00022769246337946215,0.00022769246337946215
152,0.0,0.00022769246337946215,0.00022769246337946215
officers,0.0,0.00022769246337946215,0.00022769246337946215
albanian,0.0,0.00022769246337946215,0.00022769246337946215
seraï,0.0,0.00022769246337946215,0.00022769246337946215
friday,0.0,0.00022769246337946215,0.00022769246337946215
grille,0.0,0.00022769246337946215,0.00022769246337946215
tiled,0.0,0.00022769246337946215,0.00022769246337946215
smaller,0.0,0.00022769246337946215,0.00022769246337946215
presently,0.0,0.00022769246337946215,0.00022769246337946215
150,0.0,0.00022769246337946215,0.00022769246337946215
joachim,0.0,0.00022769246337946215,0.00022769246337946215
_türbeh_,0.0,0.00022769246337946215,0.00022769246337946215
ambassadors,0.0,0.00022769246337946215,0.00022769246337946215
bulgarians,0.0,0.00022769246337946215,0.00022769246337946215
splendour,0.0,0.00022769246337946215,0.00022769246337946215
mosaics,0.0,0.00022769246337946215,0.00022769246337946215
camp,3.795930762222897e-05,0.00026564120727603916,0.0002276818996538102
partly,3.795930762222897e-05,0.00026564120727603916,0.0002276818996538102
central,3.795930762222897e-05,0.00026564120727603916,0.0002276818996538102
piece,7.591861524445795e-05,0.0003035899511726162,0.00022767133592815827
allowed,7.591861524445795e-05,0.0003035899511726162,0.00022767133592815827
covered,7.591861524445795e-05,0.0003035899511726162,0.00022767133592815827
v,0.00011387792286668691,0.0003415386950691932,0.00022766077220250628
regard,0.00011387792286668691,0.0003415386950691932,0.00022766077220250628
six,0.0001518372304889159,0.0003794874389657702,0.00022765020847685433
lived,0.00022775584573337383,0.0004553849267589243,0.00022762908102555047
holy,0.0005693896143334346,0.0007969236218281175,0.00022753400749468287
others,0.0006073489219556636,0.0008348723657246945,0.00022752344376903095
asked,0.0006453082295778925,0.0004300857641612063,0.00021522246541668625
learn,0.00045551169146674765,0.00024034204467832115,0.0002151696467884265
kassîm,0.0,0.00021504288208060315,0.00021504288208060315
salonica,0.0,0.00021504288208060315,0.00021504288208060315
55,0.0,0.00021504288208060315,0.00021504288208060315
rugs,0.0,0.00021504288208060315,0.00021504288208060315
173,0.0,0.00021504288208060315,0.00021504288208060315
embroidered,0.0,0.00021504288208060315,0.00021504288208060315
inner,0.0,0.00021504288208060315,0.00021504288208060315
171,0.0,0.00021504288208060315,0.00021504288208060315
feast,0.0,0.00021504288208060315,0.00021504288208060315
vicinity,0.0,0.00021504288208060315,0.00021504288208060315
tent,0.0,0.00021504288208060315,0.00021504288208060315
172,0.0,0.00021504288208060315,0.00021504288208060315
niche,0.0,0.00021504288208060315,0.00021504288208060315
161,0.0,0.00021504288208060315,0.00021504288208060315
architectural,0.0,0.00021504288208060315,0.00021504288208060315
structure,0.0,0.00021504288208060315,0.00021504288208060315
graves,0.0,0.00021504288208060315,0.00021504288208060315
horses,0.0,0.00021504288208060315,0.00021504288208060315
502,0.0,0.00021504288208060315,0.00021504288208060315
132,0.0,0.00021504288208060315,0.00021504288208060315
succeeded,0.0,0.00021504288208060315,0.00021504288208060315
tombs,0.0,0.00021504288208060315,0.00021504288208060315
48,0.0,0.00021504288208060315,0.00021504288208060315
kyöprülü,0.0,0.00021504288208060315,0.00021504288208060315
system,0.0,0.00021504288208060315,0.00021504288208060315
april,0.0,0.00021504288208060315,0.00021504288208060315
fez,0.0,0.00021504288208060315,0.00021504288208060315
foundations,0.0,0.00021504288208060315,0.00021504288208060315
chatalja,0.0,0.00021504288208060315,0.00021504288208060315
mohammed,0.0,0.00021504288208060315,0.00021504288208060315
caravan,0.0,0.00021504288208060315,0.00021504288208060315
goes,3.795930762222897e-05,0.00025299162597718013,0.00021503231835495116
paris,3.795930762222897e-05,0.00025299162597718013,0.00021503231835495116
fine,3.795930762222897e-05,0.00025299162597718013,0.00021503231835495116
attempt,3.795930762222897e-05,0.00025299162597718013,0.00021503231835495116
mary,7.591861524445795e-05,0.00029094036987375717,0.00021502175462929923
ones,7.591861524445795e-05,0.00029094036987375717,0.00021502175462929923
valley,7.591861524445795e-05,0.00029094036987375717,0.00021502175462929923
ways,0.00011387792286668691,0.0003288891137703342,0.0002150111909036473
roman,0.0001518372304889159,0.00036683785766691124,0.00021500062717799535
law,0.0006073489219556636,0.00040478660156348823,0.00020256232039217534
become,0.0005314303067112056,0.0003288891137703342,0.00020254119294087143
cannon,0.0,0.00020239330078174411,0.00020239330078174411
182,0.0,0.00020239330078174411,0.00020239330078174411
military,0.0,0.00020239330078174411,0.00020239330078174411
251,0.0,0.00020239330078174411,0.00020239330078174411
played,0.0,0.00020239330078174411,0.00020239330078174411
burned,0.0,0.00020239330078174411,0.00020239330078174411
sunset,0.0,0.00020239330078174411,0.00020239330078174411
mistress,0.0,0.00020239330078174411,0.00020239330078174411
avenue,0.0,0.00020239330078174411,0.00020239330078174411
255,0.0,0.00020239330078174411,0.00020239330078174411
259,0.0,0.00020239330078174411,0.00020239330078174411
carved,0.0,0.00020239330078174411,0.00020239330078174411
258,0.0,0.00020239330078174411,0.00020239330078174411
shemsi,0.0,0.00020239330078174411,0.00020239330078174411
arches,0.0,0.00020239330078174411,0.00020239330078174411
influence,0.0,0.00020239330078174411,0.00020239330078174411
robes,0.0,0.00020239330078174411,0.00020239330078174411
grande,0.0,0.00020239330078174411,0.00020239330078174411
balkan,0.0,0.00020239330078174411,0.00020239330078174411
headquarters,0.0,0.00020239330078174411,0.00020239330078174411
cypress,0.0,0.00020239330078174411,0.00020239330078174411
arsenal,0.0,0.00020239330078174411,0.00020239330078174411
la,0.0,0.00020239330078174411,0.00020239330078174411
villages,0.0,0.00020239330078174411,0.00020239330078174411
waited,0.0,0.00020239330078174411,0.00020239330078174411
zadeh,0.0,0.00020239330078174411,0.00020239330078174411
170,0.0,0.00020239330078174411,0.00020239330078174411
ran,0.0,0.00020239330078174411,0.00020239330078174411
166,0.0,0.00020239330078174411,0.00020239330078174411
thirty,3.795930762222897e-05,0.00024034204467832115,0.00020238273705609219
lower,3.795930762222897e-05,0.00024034204467832115,0.00020238273705609219
quaint,3.795930762222897e-05,0.00024034204467832115,0.00020238273705609219
member,3.795930762222897e-05,0.00024034204467832115,0.00020238273705609219
buildings,3.795930762222897e-05,0.00024034204467832115,0.00020238273705609219
group,3.795930762222897e-05,0.00024034204467832115,0.00020238273705609219
quarters,7.591861524445795e-05,0.0002782907885748982,0.00020237217333044026
natural,7.591861524445795e-05,0.0002782907885748982,0.00020237217333044026
nearer,0.00011387792286668691,0.0003162395324714752,0.00020236160960478828
grave,0.00011387792286668691,0.0003162395324714752,0.00020236160960478828
friends,0.00011387792286668691,0.0003162395324714752,0.00020236160960478828
rest,0.00018979653811114486,0.00039213702026462925,0.0002023404821534844
sent,0.00018979653811114486,0.00039213702026462925,0.0002023404821534844
eyes,0.00022775584573337383,0.0004300857641612063,0.00020232991842783246
lost,0.0006453082295778925,0.0004553849267589243,0.00018992330281896824
master,0.0005314303067112056,0.0003415386950691932,0.00018989161164201246
sense,0.0004934709990889766,0.0003035899511726162,0.00018988104791636037
blessing,0.0003795930762222897,0.0001897437194828851,0.0001898493567394046
felt,0.0003795930762222897,0.0001897437194828851,0.0001898493567394046
popular,0.0003795930762222897,0.0001897437194828851,0.0001898493567394046
fast,0.0,0.0001897437194828851,0.0001897437194828851
238,0.0,0.0001897437194828851,0.0001897437194828851
shops,0.0,0.0001897437194828851,0.0001897437194828851
163,0.0,0.0001897437194828851,0.0001897437194828851
caps,0.0,0.0001897437194828851,0.0001897437194828851
sign,0.0,0.0001897437194828851,0.0001897437194828851
firing,0.0,0.0001897437194828851,0.0001897437194828851
park,0.0,0.0001897437194828851,0.0001897437194828851
lanterns,0.0,0.0001897437194828851,0.0001897437194828851
population,0.0,0.0001897437194828851,0.0001897437194828851
bulgarian,0.0,0.0001897437194828851,0.0001897437194828851
historic,0.0,0.0001897437194828851,0.0001897437194828851
restored,0.0,0.0001897437194828851,0.0001897437194828851
drove,0.0,0.0001897437194828851,0.0001897437194828851
bronze,0.0,0.0001897437194828851,0.0001897437194828851
87,0.0,0.0001897437194828851,0.0001897437194828851
visited,0.0,0.0001897437194828851,0.0001897437194828851
belonged,0.0,0.0001897437194828851,0.0001897437194828851
369,0.0,0.0001897437194828851,0.0001897437194828851
61,0.0,0.0001897437194828851,0.0001897437194828851
347,0.0,0.0001897437194828851,0.0001897437194828851
332,0.0,0.0001897437194828851,0.0001897437194828851
belongs,0.0,0.0001897437194828851,0.0001897437194828851
double,0.0,0.0001897437194828851,0.0001897437194828851
somewhat,0.0,0.0001897437194828851,0.0001897437194828851
proportion,0.0,0.0001897437194828851,0.0001897437194828851
pipe,0.0,0.0001897437194828851,0.0001897437194828851
phanar,0.0,0.0001897437194828851,0.0001897437194828851
rarely,0.0,0.0001897437194828851,0.0001897437194828851
azap,0.0,0.0001897437194828851,0.0001897437194828851
therapia,0.0,0.0001897437194828851,0.0001897437194828851
wondered,0.0,0.0001897437194828851,0.0001897437194828851
fires,0.0,0.0001897437194828851,0.0001897437194828851
_shadrîvan_,0.0,0.0001897437194828851,0.0001897437194828851
appeared,0.0,0.0001897437194828851,0.0001897437194828851
captured,0.0,0.0001897437194828851,0.0001897437194828851
constitution,3.795930762222897e-05,0.00022769246337946215,0.00018973315575723318
usually,3.795930762222897e-05,0.00022769246337946215,0.00018973315575723318
soldier,3.795930762222897e-05,0.00022769246337946215,0.00018973315575723318
128,3.795930762222897e-05,0.00022769246337946215,0.00018973315575723318
notable,3.795930762222897e-05,0.00022769246337946215,0.00018973315575723318
arms,3.795930762222897e-05,0.00022769246337946215,0.00018973315575723318
origin,7.591861524445795e-05,0.00026564120727603916,0.00018972259203158123
example,7.591861524445795e-05,0.00026564120727603916,0.00018972259203158123
edge,0.00011387792286668691,0.0003035899511726162,0.0001897120283059293
dead,0.00018979653811114486,0.0003794874389657702,0.00018969090085462536
person,0.0002657151533556028,0.0004553849267589243,0.00018966977340332148
throne,0.00045551169146674765,0.0006451286462418094,0.00018961695477506178
kind,0.0005314303067112056,0.0007210261340349634,0.00018959582732375776
make,0.0020877619192225935,0.0019100867761277101,0.00017767514309488335
yet,0.001176738536289098,0.0009993169226098616,0.00017742161367923642
moreover,0.0,0.0001770941381840261,0.0001770941381840261
write,0.0,0.0001770941381840261,0.0001770941381840261
yards,0.0,0.0001770941381840261,0.0001770941381840261
handsome,3.795930762222897e-05,0.00021504288208060315,0.00017708357445837418
play,3.795930762222897e-05,0.00021504288208060315,0.00017708357445837418
mediæval,3.795930762222897e-05,0.00021504288208060315,0.00017708357445837418
russian,3.795930762222897e-05,0.00021504288208060315,0.00017708357445837418
michael,7.591861524445795e-05,0.00025299162597718013,0.0001770730107327222
winter,7.591861524445795e-05,0.00025299162597718013,0.0001770730107327222
visit,7.591861524445795e-05,0.00025299162597718013,0.0001770730107327222
latin,0.00011387792286668691,0.00029094036987375717,0.00017706244700707027
filled,0.00011387792286668691,0.00029094036987375717,0.00017706244700707027
grey,0.0001518372304889159,0.0003288891137703342,0.0001770518832814183
pointed,0.00018979653811114486,0.00036683785766691124,0.00017704131955576638
kept,0.00022775584573337383,0.00040478660156348823,0.0001770307558301144
doubt,0.0002657151533556028,0.00044273534546006527,0.00017702019210446245
common,0.0006832675372001215,0.0005186328332532193,0.00016463470394690216
sword,0.0003795930762222897,0.00021504288208060315,0.00016455019414168657
rich,0.0003795930762222897,0.00021504288208060315,0.00016455019414168657
friend,0.0003795930762222897,0.00021504288208060315,0.00016455019414168657
information,0.00034163376860006075,0.0001770941381840261,0.00016453963041603465
train,3.795930762222897e-05,0.00020239330078174411,0.00016443399315951515
faces,3.795930762222897e-05,0.00020239330078174411,0.00016443399315951515
princes,3.795930762222897e-05,0.00020239330078174411,0.00016443399315951515
dignity,3.795930762222897e-05,0.00020239330078174411,0.00016443399315951515
fruit,3.795930762222897e-05,0.00020239330078174411,0.00016443399315951515
countries,3.795930762222897e-05,0.00020239330078174411,0.00016443399315951515
belong,3.795930762222897e-05,0.00020239330078174411,0.00016443399315951515
local,3.795930762222897e-05,0.00020239330078174411,0.00016443399315951515
instance,3.795930762222897e-05,0.00020239330078174411,0.00016443399315951515
gentleman,3.795930762222897e-05,0.00020239330078174411,0.00016443399315951515
native,3.795930762222897e-05,0.00020239330078174411,0.00016443399315951515
variety,7.591861524445795e-05,0.00024034204467832115,0.00016442342943386322
discovered,7.591861524445795e-05,0.00024034204467832115,0.00016442342943386322
south,7.591861524445795e-05,0.00024034204467832115,0.00016442342943386322
afternoon,7.591861524445795e-05,0.00024034204467832115,0.00016442342943386322
north,7.591861524445795e-05,0.00024034204467832115,0.00016442342943386322
detail,7.591861524445795e-05,0.00024034204467832115,0.00016442342943386322
chiefly,7.591861524445795e-05,0.00024034204467832115,0.00016442342943386322
season,7.591861524445795e-05,0.00024034204467832115,0.00016442342943386322
narrow,0.00011387792286668691,0.0002782907885748982,0.0001644128657082113
sound,0.00011387792286668691,0.0002782907885748982,0.0001644128657082113
crowd,0.00011387792286668691,0.0002782907885748982,0.0001644128657082113
held,0.0001518372304889159,0.0003162395324714752,0.00016440230198255928
important,0.0002657151533556028,0.0004300857641612063,0.00016437061080560347
neither,0.0002657151533556028,0.0004300857641612063,0.00016437061080560347
making,0.0003036744609778318,0.0004680345080577833,0.0001643600470799515
honour,0.00034163376860006075,0.0005059832519543603,0.0001643494833542995
thing,0.0003795930762222897,0.0005439319958509373,0.00016433891962864758
woman,0.00034163376860006075,0.0001897437194828851,0.00015189004911717564
trouble,0.00034163376860006075,0.0001897437194828851,0.00015189004911717564
clean,0.00034163376860006075,0.0001897437194828851,0.00015189004911717564
learned,0.00034163376860006075,0.0001897437194828851,0.00015189004911717564
curious,3.795930762222897e-05,0.0001897437194828851,0.00015178441186065614
happen,3.795930762222897e-05,0.0001897437194828851,0.00015178441186065614
suddenly,3.795930762222897e-05,0.0001897437194828851,0.00015178441186065614
accompanied,3.795930762222897e-05,0.0001897437194828851,0.00015178441186065614
presented,3.795930762222897e-05,0.0001897437194828851,0.00015178441186065614
wear,3.795930762222897e-05,0.0001897437194828851,0.00015178441186065614
figures,3.795930762222897e-05,0.0001897437194828851,0.00015178441186065614
1909,7.591861524445795e-05,0.00022769246337946215,0.0001517738481350042
naturally,7.591861524445795e-05,0.00022769246337946215,0.0001517738481350042
office,7.591861524445795e-05,0.00022769246337946215,0.0001517738481350042
containing,7.591861524445795e-05,0.00022769246337946215,0.0001517738481350042
bare,7.591861524445795e-05,0.00022769246337946215,0.0001517738481350042
decorated,0.00011387792286668691,0.00026564120727603916,0.00015176328440935226
died,0.00011387792286668691,0.00026564120727603916,0.00015176328440935226
priests,0.0001518372304889159,0.0003035899511726162,0.0001517527206837003
battle,0.0001518372304889159,0.0003035899511726162,0.0001517527206837003
taking,0.0001518372304889159,0.0003035899511726162,0.0001517527206837003
contain,0.00018979653811114486,0.0003415386950691932,0.00015174215695804832
next,0.00022775584573337383,0.0003794874389657702,0.0001517315932323964
race,0.00022775584573337383,0.0003794874389657702,0.0001517315932323964
nevertheless,0.0002657151533556028,0.00041743618286234726,0.00015172102950674444
women,0.0003795930762222897,0.0005312824145520783,0.0001516893383297886
modern,0.0005693896143334346,0.0007210261340349634,0.0001516365197015288
government,7.591861524445795e-05,0.00021504288208060315,0.0001391242668361452
boys,7.591861524445795e-05,0.00021504288208060315,0.0001391242668361452
christians,7.591861524445795e-05,0.00021504288208060315,0.0001391242668361452
grew,7.591861524445795e-05,0.00021504288208060315,0.0001391242668361452
ship,0.00011387792286668691,0.00025299162597718013,0.00013911370311049323
stones,0.00011387792286668691,0.00025299162597718013,0.00013911370311049323
added,0.00011387792286668691,0.00025299162597718013,0.00013911370311049323
date,0.0001518372304889159,0.00029094036987375717,0.00013910313938484127
buried,0.0001518372304889159,0.00029094036987375717,0.00013910313938484127
lies,0.0002657151533556028,0.00040478660156348823,0.0001390714482078854
something,0.0007591861524445794,0.0008981202722189895,0.00013893411977441007
nothing,0.0012146978439113271,0.0010878639917018746,0.00012683385220945255
often,0.0009489826905557243,0.0008222227844258355,0.00012675990612988873
get,0.0005693896143334346,0.00044273534546006527,0.00012665426887336934
design,7.591861524445795e-05,0.00020239330078174411,0.00012647468553728618
hills,7.591861524445795e-05,0.00020239330078174411,0.00012647468553728618
got,7.591861524445795e-05,0.00020239330078174411,0.00012647468553728618
fashion,7.591861524445795e-05,0.00020239330078174411,0.00012647468553728618
moon,7.591861524445795e-05,0.00020239330078174411,0.00012647468553728618
lack,7.591861524445795e-05,0.00020239330078174411,0.00012647468553728618
legend,0.00011387792286668691,0.00024034204467832115,0.00012646412181163425
private,0.00011387792286668691,0.00024034204467832115,0.00012646412181163425
nights,0.00011387792286668691,0.00024034204467832115,0.00012646412181163425
field,0.00011387792286668691,0.00024034204467832115,0.00012646412181163425
leave,0.00011387792286668691,0.00024034204467832115,0.00012646412181163425
taste,0.00011387792286668691,0.00024034204467832115,0.00012646412181163425
greatest,0.0001518372304889159,0.0002782907885748982,0.0001264535580859823
week,0.0001518372304889159,0.0002782907885748982,0.0001264535580859823
hour,0.0001518372304889159,0.0002782907885748982,0.0001264535580859823
remain,0.0001518372304889159,0.0002782907885748982,0.0001264535580859823
hours,0.00022775584573337383,0.0003541882763680522,0.0001264324306346784
beyond,0.00022775584573337383,0.0003541882763680522,0.0001264324306346784
thousand,0.0003036744609778318,0.0004300857641612063,0.0001264113031833745
present,0.00034163376860006075,0.0004680345080577833,0.00012640073945772252
except,0.00034163376860006075,0.0004680345080577833,0.00012640073945772252
sacred,0.00045551169146674765,0.0005818807397475143,0.00012636904828076668
george,0.0004175523838445187,0.0003035899511726162,0.00011396243267190249
manner,0.0003036744609778318,0.0001897437194828851,0.00011393074149494668
blood,0.0003036744609778318,0.0001897437194828851,0.00011393074149494668
charge,0.0003036744609778318,0.0001897437194828851,0.00011393074149494668
flag,7.591861524445795e-05,0.0001897437194828851,0.00011382510423842716
run,0.00011387792286668691,0.00022769246337946215,0.00011381454051277524
reign,0.00011387792286668691,0.00022769246337946215,0.00011381454051277524
inclined,0.00011387792286668691,0.00022769246337946215,0.00011381454051277524
lying,0.00011387792286668691,0.00022769246337946215,0.00011381454051277524
parts,0.0001518372304889159,0.00026564120727603916,0.00011380397678712327
majesty,0.0001518372304889159,0.00026564120727603916,0.00011380397678712327
ten,0.00018979653811114486,0.0003035899511726162,0.00011379341306147134
favourite,0.00018979653811114486,0.0003035899511726162,0.00011379341306147134
anything,0.0003795930762222897,0.0004933336706555013,0.00011374059443321156
better,0.0006453082295778925,0.0005439319958509373,0.00010137623372695524
names,0.0004934709990889766,0.00039213702026462925,0.00010133397882434731
attention,0.0003795930762222897,0.0002782907885748982,0.00010130228764739153
clear,0.0003036744609778318,0.00020239330078174411,0.00010128116019608767
charming,0.00011387792286668691,0.00021504288208060315,0.00010116495921391623
eight,0.00011387792286668691,0.00021504288208060315,0.00010116495921391623
importance,0.00011387792286668691,0.00021504288208060315,0.00010116495921391623
opened,0.00011387792286668691,0.00021504288208060315,0.00010116495921391623
soon,0.00011387792286668691,0.00021504288208060315,0.00010116495921391623
scarcely,0.00011387792286668691,0.00021504288208060315,0.00010116495921391623
hall,0.00011387792286668691,0.00021504288208060315,0.00010116495921391623
marked,0.0001518372304889159,0.00025299162597718013,0.00010115439548826424
height,0.0001518372304889159,0.00025299162597718013,0.00010115439548826424
seven,0.00018979653811114486,0.00029094036987375717,0.00010114383176261231
met,0.00018979653811114486,0.00029094036987375717,0.00010114383176261231
history,0.00045551169146674765,0.0005565815771497964,0.00010106988568304873
take,0.0008730640753112663,0.0009740177600121436,0.00010095368470087725
form,0.0007212268448223505,0.0006324790649429504,8.874777987940012e-05
mother,0.0006073489219556636,0.0005186328332532193,8.871608870244423e-05
within,0.0005693896143334346,0.0004806840893566423,8.87055249767923e-05
whole,0.0005693896143334346,0.0004806840893566423,8.87055249767923e-05
happy,0.0004175523838445187,0.0003288891137703342,8.866327007418448e-05
mark,0.0003795930762222897,0.00029094036987375717,8.865270634853255e-05
speak,0.00034163376860006075,0.00025299162597718013,8.864214262288062e-05
mind,0.00034163376860006075,0.00025299162597718013,8.864214262288062e-05
fathers,0.0003036744609778318,0.00021504288208060315,8.863157889722864e-05
post,0.00011387792286668691,0.00020239330078174411,8.85153779150572e-05
watch,0.00011387792286668691,0.00020239330078174411,8.85153779150572e-05
led,0.0001518372304889159,0.00024034204467832115,8.850481418940526e-05
month,0.00022775584573337383,0.0003162395324714752,8.848368673810135e-05
moment,0.0002657151533556028,0.0003541882763680522,8.84731230124494e-05
music,0.00034163376860006075,0.0004300857641612063,8.845199556114554e-05
always,0.0011008199210446401,0.0011890606420927466,8.824072104810649e-05
order,0.0008730640753112663,0.0007969236218281175,7.614045348314886e-05
family,0.0006073489219556636,0.0005312824145520783,7.606650740358525e-05
imagine,0.0003036744609778318,0.00022769246337946215,7.598199759836964e-05
8,0.0002657151533556028,0.0001897437194828851,7.597143387271771e-05
idea,0.0002657151533556028,0.0001897437194828851,7.597143387271771e-05
named,0.00011387792286668691,0.0001897437194828851,7.58657966161982e-05
main,0.00011387792286668691,0.0001897437194828851,7.58657966161982e-05
begin,0.00011387792286668691,0.0001897437194828851,7.58657966161982e-05
official,0.00011387792286668691,0.0001897437194828851,7.58657966161982e-05
thousands,0.0001518372304889159,0.00022769246337946215,7.585523289054626e-05
box,0.0001518372304889159,0.00022769246337946215,7.585523289054626e-05
special,0.0001518372304889159,0.00022769246337946215,7.585523289054626e-05
chief,0.00018979653811114486,0.00026564120727603916,7.58446691648943e-05
unless,0.0002657151533556028,0.0003415386950691932,7.582354171359036e-05
summer,0.0002657151533556028,0.0003415386950691932,7.582354171359036e-05
add,0.0003036744609778318,0.0003794874389657702,7.581297798793843e-05
go,0.0010628606134224113,0.0011384623168973107,7.560170347489944e-05
never,0.0016702095353780747,0.0017456422192425431,7.543268386446837e-05
light,0.0009869419981779531,0.0009234194348167076,6.352256336124556e-05
return,0.0004175523838445187,0.0003541882763680522,6.336410747646647e-05
probably,0.00011387792286668691,0.0001770941381840261,6.32162153173392e-05
entered,0.0001518372304889159,0.00021504288208060315,6.320565159168725e-05
meet,0.0001518372304889159,0.00021504288208060315,6.320565159168725e-05
drawn,0.00018979653811114486,0.00025299162597718013,6.319508786603527e-05
close,0.00018979653811114486,0.00025299162597718013,6.319508786603527e-05
subject,0.00022775584573337383,0.00029094036987375717,6.318452414038334e-05
round,0.0002657151533556028,0.0003288891137703342,6.317396041473139e-05
various,0.0002657151533556028,0.0003288891137703342,6.317396041473139e-05
people,0.0015563316125113877,0.001619146406253953,6.281479374256518e-05
together,0.0005693896143334346,0.0005186328332532193,5.075678108021526e-05
english,0.0004934709990889766,0.00044273534546006527,5.07356536289113e-05
l,0.0002657151533556028,0.00021504288208060315,5.0672271274999675e-05
provided,0.0001518372304889159,0.00020239330078174411,5.055607029282822e-05
contains,0.00018979653811114486,0.00024034204467832115,5.054550656717629e-05
hold,0.00018979653811114486,0.00024034204467832115,5.054550656717629e-05
fall,0.00022775584573337383,0.0002782907885748982,5.0534942841524365e-05
members,0.00022775584573337383,0.0002782907885748982,5.0534942841524365e-05
paid,0.0002657151533556028,0.0003162395324714752,5.0524379115872355e-05
religious,0.0003795930762222897,0.0004300857641612063,5.049268793891657e-05
state,0.00045551169146674765,0.0005059832519543603,5.0471560487612606e-05
real,0.00045551169146674765,0.00041743618286234726,3.8075508604400394e-05
sweet,0.0003036744609778318,0.00026564120727603916,3.8033253701792627e-05
follow,0.0002657151533556028,0.00022769246337946215,3.802268997614067e-05
account,0.0002657151533556028,0.00022769246337946215,3.802268997614067e-05
body,0.00022775584573337383,0.0001897437194828851,3.8012126250488716e-05
broad,0.00022775584573337383,0.0001897437194828851,3.8012126250488716e-05
foot,0.0001518372304889159,0.0001897437194828851,3.790648899396922e-05
flower,0.0001518372304889159,0.0001897437194828851,3.790648899396922e-05
born,0.0001518372304889159,0.0001897437194828851,3.790648899396922e-05
precious,0.0001518372304889159,0.0001897437194828851,3.790648899396922e-05
wonder,0.0001518372304889159,0.0001897437194828851,3.790648899396922e-05
memory,0.0001518372304889159,0.0001897437194828851,3.790648899396922e-05
pleasant,0.00018979653811114486,0.00022769246337946215,3.789592526831729e-05
points,0.00018979653811114486,0.00022769246337946215,3.789592526831729e-05
late,0.0002657151533556028,0.0003035899511726162,3.787479781701338e-05
turn,0.0003036744609778318,0.0003415386950691932,3.7864234091361396e-05
call,0.00045551169146674765,0.0004300857641612063,2.5425927305541363e-05
therefore,0.0003795930762222897,0.0003541882763680522,2.5404799854237506e-05
broken,0.0003795930762222897,0.0003541882763680522,2.5404799854237506e-05
land,0.0003795930762222897,0.0003541882763680522,2.5404799854237506e-05
ago,0.00034163376860006075,0.0003162395324714752,2.5394236128585578e-05
else,0.0003036744609778318,0.0002782907885748982,2.5383672402933596e-05
looking,0.0003036744609778318,0.0002782907885748982,2.5383672402933596e-05
feet,0.00018979653811114486,0.00021504288208060315,2.5246343969458285e-05
fields,0.00018979653811114486,0.00021504288208060315,2.5246343969458285e-05
altogether,0.00022775584573337383,0.00025299162597718013,2.5235780243806303e-05
note,0.00022775584573337383,0.00025299162597718013,2.5235780243806303e-05
sight,0.0003036744609778318,0.0003288891137703342,2.521465279250242e-05
keep,0.0004175523838445187,0.00044273534546006527,2.518296161554658e-05
brought,0.0005314303067112056,0.0005565815771497964,2.5151270438590742e-05
put,0.0007212268448223505,0.0007463252966326815,2.5098451810330992e-05
death,0.0005693896143334346,0.0005565815771497964,1.2808037183638225e-05
till,0.0003795930762222897,0.00036683785766691124,1.2755218555378475e-05
coloured,0.00034163376860006075,0.0003288891137703342,1.2744654829726547e-05
waters,0.0003036744609778318,0.00029094036987375717,1.2734091104074619e-05
stand,0.0003036744609778318,0.00029094036987375717,1.2734091104074619e-05
brother,0.0003036744609778318,0.00029094036987375717,1.2734091104074619e-05
beginning,0.0002657151533556028,0.00025299162597718013,1.2723527378422691e-05
knows,0.00022775584573337383,0.00021504288208060315,1.2712963652770681e-05
carry,0.00018979653811114486,0.00020239330078174411,1.2596762670599254e-05
sacrifice,0.00018979653811114486,0.00020239330078174411,1.2596762670599254e-05
laid,0.00022775584573337383,0.00024034204467832115,1.2586198944947326e-05
change,0.00022775584573337383,0.00024034204467832115,1.2586198944947326e-05
original,0.0002657151533556028,0.0002782907885748982,1.2575635219295371e-05
public,0.0006073489219556636,0.0006198294836440914,1.24805616884278e-05
hands,0.0006453082295778925,0.0006577782275406684,1.2469997962775872e-05
third,0.0002657151533556028,0.00026564120727603916,7.394607956366e-08
nearly,0.0002657151533556028,0.00026564120727603916,7.394607956366e-08
10,0.00018979653811114486,0.0001897437194828851,5.2818628259749395e-08
pleasure,0.00018979653811114486,0.0001897437194828851,5.2818628259749395e-08
lay,0.00018979653811114486,0.0001897437194828851,5.2818628259749395e-08
wife,0.00018979653811114486,0.0001897437194828851,5.2818628259749395e-08
